Contig,HK_CF2,HK_CF35,HK_CF70,V_CF26,V_CF34,V_CF71
Phel_clc_contig_11415,8.603118531,8.6169487,6.724346041,5.168172666,6.990049489,5.111344363
Phel_clc_contig_14856,9.045528156,8.863446032,5.463599571,4.766452051,5.489591102,6.285546481
Phel_clc_contig_15144,6.440085125,6.137255539,3.440646623,3.661304959,3.015319148,2.791543215
Phel_clc_contig_21852,8.402648427,7.826428999,4.874836303,3.661304959,5.443354688,4.93632699
Phel_clc_contig_13987,8.990841153,8.35695149,7.958111285,6.147972123,5.814196628,3.442651611
Phel_clc_contig_11724,7.161613625,6.804709274,5.503332832,3.283788458,1.273277161,4.070088735
Phel_clc_contig_24226,5.791280123,5.160141691,4.089048934,0,0,1.57269568
Phel_clc_contig_27517,4.990646327,4.406094434,3.266861484,0,1.273277161,0
Phel_clc_contig_27719,5.666563462,5.209897803,4.089048934,0,1.273277161,0
Phel_clc_contig_9726,6.971349266,6.503267629,5.380691358,4.766452051,3.781747877,3.442651611
Phel_clc_contig_20942,6.25446177,5.927228033,5.046028248,3.661304959,4.649063566,3.889658492
Phel_clc_contig_19282,8.169755675,8.012482637,6.806050755,4.913143132,5.620023298,5.339536494
Phel_clc_contig_9759,6.565138645,6.582848005,5.57965988,4.603133742,4.874875638,4.230433605
Phel_clc_contig_17522,7.269694293,7.166570847,6.673006546,4.207752323,5.534391601,6.090324176
Phel_clc_contig_10714,10.70766032,10.42292981,9.832260438,8.523725426,8.809921472,9.479407216
Phel_clc_contig_9673,7.094035447,6.556165745,6.103738908,4.418945512,4.874875638,5.596619146
Phel_clc_contig_22241,5.55035278,4.691763057,3.440646623,1.96827511,1.273277161,3.153513526
Phel_clc_contig_29510,4.368433124,3.004789004,1.792605513,0,0,0
Phel_clc_contig_1562,10.98731674,10.20053672,9.883974635,8.929187086,7.185294705,8.798554424
Phel_clc_contig_13868,7.818420484,6.770297846,6.868237335,5.280562933,5.395590685,5.709800673
Phel_clc_contig_354,10.39944745,9.208203626,9.463163041,8.205626615,7.406270494,7.769516548
Phel_clc_contig_7774,11.07711873,9.926010096,10.09047278,8.78420099,7.94342382,8.592602047
Phel_clc_contig_10172,6.138497084,6.711057076,6.426640478,1.96827511,4.05205935,4.50589728
Phel_clc_contig_14549,5.077187444,5.634723941,5.380691358,1.96827511,2.737319011,3.153513526
Phel_clc_contig_3735,7.43721775,8.159009498,7.854388444,5.168172666,5.985309151,6.047896052
Phel_clc_contig_21178,6.786780607,7.207563953,6.898353486,3.960242941,5.295032364,5.654318099
Phel_clc_contig_18363,5.77410969,6.79169688,6.363272721,2.77106155,4.170325694,4.737108053
Phel_clc_contig_13372,6.893984639,7.37504117,7.264854472,4.766452051,5.814196628,6.285546481
Phel_clc_contig_2818,9.016620001,9.593247313,9.345125552,7.504682357,7.857883361,8.592602047
Phel_clc_contig_14636,5.703311151,5.872661338,5.42274095,3.283788458,2.392647144,4.070088735
Phel_clc_contig_10702,8.405438909,8.668576562,8.081369989,6.601845057,6.76418424,7.161567272
Phel_clc_contig_14779,6.24202699,6.612750571,5.850039278,4.207752323,4.381221067,5.026485819
Phel_clc_contig_11378,6.503967219,6.874252288,6.526435074,4.913143132,4.942922625,5.536512997
Phel_clc_contig_666,10.61185531,11.09177645,10.41604485,7.332856491,7.31933884,8.657532113
Phel_clc_contig_16357,5.21080185,5.770247623,5.199044096,3.283788458,2.392647144,4.374733478
Phel_clc_contig_16686,5.077187444,5.43580192,4.93418622,2.77106155,3.24830712,4.070088735
Phel_clc_contig_3540,6.151850701,6.479120596,6.024027068,3.283788458,3.92322526,5.339536494
Phel_clc_contig_5026,5.825017274,6.421154277,5.721175766,4.603133742,2.392647144,4.50589728
Phel_clc_contig_7066,4.76590598,5.497209964,4.93418622,3.661304959,1.938925593,3.442651611
Phel_clc_contig_11439,5.333080194,6.362962509,5.57965988,3.283788458,3.448848104,3.683393288
Phel_clc_contig_19690,3.601458821,4.489048337,3.735749611,0,0,0
Phel_clc_contig_24261,3.036837374,4.464661733,3.735749611,0,1.273277161,0
Phel_clc_contig_5173,6.482985384,7.696321471,7.093210488,4.418945512,5.18693628,4.93632699
Phel_clc_contig_23356,4.273881366,5.472958845,4.93418622,3.283788458,1.938925593,2.791543215
Phel_clc_contig_2814,9.290102041,9.930469172,9.317529743,6.31563506,8.115464559,7.906418637
Phel_clc_contig_12605,6.326898624,7.078238354,6.564498591,2.77106155,4.803459544,3.683393288
Phel_clc_contig_9584,6.680211818,7.384822596,6.837479084,3.960242941,5.620023298,4.374733478
Phel_clc_contig_22169,4.83376549,5.872661338,4.455984709,0,3.24830712,0
Phel_clc_contig_5232,5.445802835,6.505262154,5.57965988,0,4.170325694,2.307166193
Phel_clc_contig_7417,6.901910724,7.878128181,6.98510532,5.046285869,5.577842694,4.737108053
Phel_clc_contig_11424,8.617629449,8.797848254,8.980063298,6.685884099,6.249925022,6.551580614
Phel_clc_contig_14297,8.494618015,8.667241432,8.827986335,5.889001328,4.279627294,5.026485819
Phel_clc_contig_10888,7.030385742,7.273398396,7.630473912,4.766452051,3.781747877,4.50589728
Phel_clc_contig_19112,7.991818858,8.408472835,8.585777168,5.482054453,5.346187483,5.864488274
Phel_clc_contig_13213,7.557500463,8.035433114,8.087918385,6.024288647,5.07008444,5.026485819
Phel_clc_contig_12134,6.828960283,7.384822596,7.299120996,4.207752323,3.781747877,4.50589728
Phel_clc_contig_6750,10.20815399,10.90850844,10.68690562,5.384823459,6.19517237,5.267408452
Phel_clc_contig_29243,2.785885293,3.194701706,3.266861484,0,0,0
Phel_clc_contig_6434,6.734479312,7.13472099,7.119017876,4.913143132,5.007904114,4.50589728
Phel_clc_contig_14361,6.901910724,7.800679921,7.691944471,5.816282258,5.534391601,5.912570831
Phel_clc_contig_11643,9.191701065,10.10169275,9.978634104,7.409014938,6.626126616,6.520888927
Phel_clc_contig_1450,10.49816519,11.08487567,10.98758194,9.583320877,9.236635159,9.044959337
Phel_clc_contig_25027,3.346588193,4.165043649,4.089048934,1.96827511,0,0
Phel_clc_contig_9853,6.229486023,7.267535798,7.181583634,4.603133742,4.279627294,2.307166193
Phel_clc_contig_10213,5.467328396,5.688365021,5.542001066,4.603133742,4.05205935,3.153513526
Phel_clc_contig_2966,7.677784465,7.913846824,7.648305806,6.601845057,6.646676785,5.536512997
Phel_clc_contig_16775,3.677293993,3.837983596,3.440646623,1.96827511,0,0
Phel_clc_contig_12675,4.990646327,5.327266996,5.046028248,3.960242941,2.737319011,2.791543215
Phel_clc_contig_6820,7.311948076,7.782707348,7.229753254,6.024288647,4.279627294,4.50589728
Phel_clc_contig_12119,7.168200752,7.789268882,7.397293001,5.889001328,4.874875638,4.737108053
Phel_clc_contig_12713,8.35147595,8.887726308,8.608727571,6.980257274,5.07008444,6.39113874
Phel_clc_contig_12805,6.565138645,7.082252315,6.852940178,5.658825569,5.129695157,5.814745231
Phel_clc_contig_4407,7.43721775,7.947235996,7.767315137,6.557913959,6.017224882,6.520888927
Phel_clc_contig_1757,8.823590474,9.496570802,9.171029893,6.980257274,6.19517237,7.015094976
Phel_clc_contig_4576,6.204068314,6.801467809,6.545591589,4.207752323,3.92322526,4.626129537
Phel_clc_contig_22211,4.273881366,4.726368042,4.284151341,1.96827511,0,1.57269568
Phel_clc_contig_19889,4.990646327,5.42320165,5.149820268,1.96827511,0,2.307166193
Phel_clc_contig_7983,7.592202861,7.767833535,7.594134223,6.417477872,6.27654133,6.489528485
Phel_clc_contig_8635,5.937250218,6.260434086,5.968330413,0,0,3.683393288
Phel_clc_contig_11488,7.775926273,8.37068915,7.884792042,6.024288647,6.108940478,4.626129537
Phel_clc_contig_20320,6.138497084,6.594134969,6.179274165,4.207752323,4.565188923,3.889658492
Phel_clc_contig_20161,7.732141642,8.321175443,7.665919984,3.661304959,3.015319148,4.50589728
Phel_clc_contig_8808,8.227661185,8.762854388,8.333631249,6.367454941,6.626126616,6.581634455
Phel_clc_contig_25452,6.472378915,6.625641637,6.024027068,0,4.170325694,1.57269568
Phel_clc_contig_4927,9.712471458,9.82085403,9.572269343,8.392310553,8.572805559,8.420375025
Phel_clc_contig_8892,8.710810221,9.001586374,8.460166714,5.168172666,5.985309151,5.191483692
Phel_clc_contig_27834,3.346588193,3.759954742,3.440646623,0,1.273277161,0
Phel_clc_contig_8352,8.339853565,8.564839608,8.322568149,6.601845057,7.021861671,6.852053786
Phel_clc_contig_12310,8.612808798,8.813221958,7.823330296,6.912101326,4.381221067,6.489528485
Phel_clc_contig_15824,5.791280123,5.809509626,4.93418622,4.207752323,1.938925593,3.889658492
Phel_clc_contig_16508,5.048911855,5.35849121,4.284151341,3.661304959,2.392647144,2.791543215
Phel_clc_contig_10161,6.743329153,6.88041126,4.812939694,2.77106155,2.392647144,4.737108053
Phel_clc_contig_13198,8.109428994,8.187231307,6.583159509,2.77106155,4.728328707,5.339536494
Phel_clc_contig_27525,4.119306371,4.439849164,3.266861484,0,0,1.57269568
Phel_clc_contig_23205,4.76590598,4.887934626,3.595730406,0,0,2.307166193
Phel_clc_contig_3860,8.46549988,8.589955195,7.862049622,6.876777222,7.021861671,7.239039004
Phel_clc_contig_10959,5.488537503,5.936124366,4.455984709,3.661304959,3.015319148,2.791543215
Phel_clc_contig_22898,5.906065619,6.152605293,4.189895704,2.77106155,1.273277161,1.57269568
Phel_clc_contig_439,12.71321983,12.94409086,12.0316366,11.30630235,11.56477017,11.55849232
Phel_clc_contig_24134,4.368433124,4.582676423,3.440646623,1.96827511,1.938925593,1.57269568
Phel_clc_contig_9206,8.23708995,8.517708358,7.594134223,6.803422087,6.706625863,6.668209914
Phel_clc_contig_11948,6.614206285,6.618290054,5.968330413,4.418945512,4.803459544,4.626129537
Phel_clc_contig_2278,10.85782389,10.96764712,10.22874511,8.523725426,9.240020178,8.29900053
Phel_clc_contig_1739,10.66346987,10.82595198,10.13383834,7.870625491,7.87540165,6.723170806
Phel_clc_contig_7353,6.138497084,6.483174079,5.850039278,4.603133742,5.007904114,4.626129537
Phel_clc_contig_9504,7.938873267,8.226441095,7.438868351,6.367454941,6.957521146,6.321608863
Phel_clc_contig_12233,5.285405918,5.52105702,4.874836303,3.661304959,3.015319148,3.153513526
Phel_clc_contig_19007,5.721339846,6.134680951,5.098857447,3.283788458,0,1.57269568
Phel_clc_contig_15233,6.803800487,7.383738848,6.526435074,3.960242941,2.737319011,3.442651611
Phel_clc_contig_5495,7.415235574,7.868865141,7.144370695,6.644476415,5.700853047,5.814745231
Phel_clc_contig_25377,3.883493744,4.489048337,3.266861484,1.96827511,1.273277161,0
Phel_clc_contig_8012,7.194251576,7.635716669,6.806050755,6.2618843,6.017224882,5.596619146
Phel_clc_contig_9976,6.326898624,6.894173862,6.024027068,5.046285869,4.476135384,4.50589728
Phel_clc_contig_12383,5.628858148,6.325080544,4.874836303,1.96827511,2.392647144,0
Phel_clc_contig_5999,4.321928095,5.038734664,3.735749611,0,0,0
Phel_clc_contig_3853,8.525727117,9.081614187,7.936504263,5.816282258,6.328344618,6.424686993
Phel_clc_contig_27302,3.601458821,4.431489247,3.266861484,0,0,1.57269568
Phel_clc_contig_6367,7.775926273,8.407406715,7.418230435,4.913143132,4.476135384,5.536512997
Phel_clc_contig_6205,8.013927822,8.436958424,7.734302492,6.685884099,7.113293142,7.100604525
Phel_clc_contig_11679,5.333080194,8.008270617,6.179274165,4.913143132,4.279627294,4.374733478
Phel_clc_contig_23311,1.856268645,4.641881232,3.069238148,0,0,0
Phel_clc_contig_24621,3.036837374,6.243809962,4.748268002,1.96827511,1.938925593,2.307166193
Phel_clc_contig_13317,4.457174003,5.756919202,4.089048934,1.96827511,1.273277161,2.791543215
Phel_clc_contig_11764,6.151850701,7.409521621,5.996447502,3.283788458,4.381221067,4.374733478
Phel_clc_contig_19540,5.685054306,7.06342744,5.463599571,3.283788458,3.624884628,3.683393288
Phel_clc_contig_25692,4.119306371,5.113842162,3.735749611,1.96827511,1.938925593,2.307166193
Phel_clc_contig_15504,3.436641592,4.705707025,2.56774013,0,0,0
Phel_clc_contig_6250,8.992697914,10.08512333,8.739254394,7.940721165,7.629169349,7.58895519
Phel_clc_contig_13540,3.147648606,4.262575977,3.069238148,0,0,0
Phel_clc_contig_7273,7.691566966,8.652021775,7.674647078,6.644476415,6.426682405,6.581634455
Phel_clc_contig_744,10.9519667,11.78847353,10.53583825,10.05167485,9.584288146,9.397298563
Phel_clc_contig_3984,5.445802835,7.07017892,5.910396889,3.661304959,2.392647144,3.889658492
Phel_clc_contig_14226,6.361796427,7.832001344,5.910396889,4.207752323,5.18693628,3.889658492
Phel_clc_contig_17449,8.03570363,9.357235941,6.956762954,3.960242941,6.60527949,5.864488274
Phel_clc_contig_10256,4.83376549,6.753619243,3.980619444,3.661304959,3.24830712,2.791543215
Phel_clc_contig_15446,4.17268752,6.389115899,3.595730406,2.77106155,3.015319148,1.57269568
Phel_clc_contig_2588,10.14026063,11.92163478,9.269370303,9.433351545,8.295424575,7.894495849
Phel_clc_contig_6884,8.520588432,10.28783691,7.119017876,5.57314727,4.381221067,5.267408452
Phel_clc_contig_17485,4.657720026,6.119140338,4.089048934,3.661304959,1.938925593,2.307166193
Phel_clc_contig_5797,9.659692163,11.00855272,8.800341152,8.535099209,8.159030697,6.924194922
Phel_clc_contig_6569,7.181284467,8.35860681,5.292726543,5.739699614,3.92322526,4.230433605
Phel_clc_contig_7201,8.010266257,9.190033043,5.721175766,5.168172666,6.35356325,4.840150994
Phel_clc_contig_14757,7.822602058,8.274585952,6.564498591,6.087456476,6.302675476,5.026485819
Phel_clc_contig_23008,5.309441792,5.743466497,3.266861484,3.283788458,0,1.57269568
Phel_clc_contig_4501,8.452067406,9.038545102,6.051091454,5.816282258,5.577842694,6.285546481
Phel_clc_contig_21534,5.921740986,6.695421798,4.284151341,3.283788458,3.92322526,4.070088735
Phel_clc_contig_22269,4.273881366,5.185236219,2.231616727,0,0,0
Phel_clc_contig_3210,9.133987284,10.00070863,8.054874518,7.224623974,7.3572388,7.34796412
Phel_clc_contig_19570,4.83376549,5.702338941,3.863373549,0,2.392647144,2.791543215
Phel_clc_contig_7186,5.703311151,6.489231423,4.991190754,3.283788458,3.624884628,4.230433605
Phel_clc_contig_1157,7.542368724,7.704155418,7.831157741,5.958230212,5.739632114,6.801872582
Phel_clc_contig_18553,6.350256778,6.511227654,6.837479084,4.603133742,5.07008444,5.596619146
Phel_clc_contig_18875,5.285405918,5.497209964,5.939654432,0,2.392647144,4.070088735
Phel_clc_contig_15637,6.026957154,6.066091344,6.077655322,3.960242941,4.170325694,4.93632699
Phel_clc_contig_16885,6.893984639,7.00402491,6.942380786,5.280562933,5.295032364,5.763228304
Phel_clc_contig_10111,6.837250733,6.684902874,6.999069838,5.958230212,5.007904114,5.473796651
Phel_clc_contig_12343,9.228407945,9.329085913,9.662776952,7.923514088,6.328344618,7.688977594
Phel_clc_contig_13361,6.125016642,6.165270822,6.487341635,4.603133742,1.938925593,3.442651611
Phel_clc_contig_11435,6.963796614,6.548450497,6.868237335,5.384823459,3.448848104,5.111344363
Phel_clc_contig_12112,8.3014212,7.846230653,8.170448885,6.876777222,5.885093549,5.912570831
Phel_clc_contig_1717,6.111409052,5.971173349,6.077655322,5.168172666,4.170325694,4.840150994
Phel_clc_contig_2244,6.594778431,6.542635702,6.619772466,5.658825569,4.649063566,5.111344363
Phel_clc_contig_3233,12.45696884,12.24649054,12.25610125,10.9778639,10.08921012,10.3090967
Phel_clc_contig_1376,10.41821989,10.36837539,10.38181286,8.803141451,8.288902516,8.509056842
Phel_clc_contig_5609,8.360132032,8.332451054,8.393007261,6.685884099,6.138261559,6.611073501
Phel_clc_contig_1719,7.999226035,8.017381909,8.048174052,6.51260458,5.18693628,5.111344363
Phel_clc_contig_5866,11.65249335,11.5994497,11.7970073,10.00744684,9.138479933,9.071676069
Phel_clc_contig_13129,6.878001851,6.582848005,6.927853798,5.384823459,5.952671367,5.536512997
Phel_clc_contig_14850,8.295416309,7.609075289,8.344610159,5.658825569,6.540868865,5.473796651
Phel_clc_contig_25210,6.24202699,5.229334121,6.203598587,1.96827511,3.92322526,2.307166193
Phel_clc_contig_14132,8.402648427,8.275754376,8.548279399,7.481353842,7.430175695,7.015094976
Phel_clc_contig_20614,6.125016642,6.150057977,6.690323502,1.96827511,4.476135384,2.307166193
Phel_clc_contig_89,11.77730155,11.69241329,11.93097253,10.83332995,11.13565042,10.91891294
Phel_clc_contig_7895,7.495996492,7.514231958,7.783542433,4.766452051,6.138261559,3.683393288
Phel_clc_contig_10160,7.911653836,7.696321471,8.027883886,6.644476415,5.700853047,6.924194922
Phel_clc_contig_10792,5.53003952,5.418975861,5.616360638,3.661304959,2.392647144,4.070088735
Phel_clc_contig_12512,6.795316295,6.847778983,7.053614237,4.766452051,0,4.840150994
Phel_clc_contig_13033,9.491303966,9.101522969,9.463163041,7.358691635,7.31933884,8.386726034
Phel_clc_contig_18084,6.778194118,6.460740926,6.999069838,3.283788458,3.24830712,4.93632699
Phel_clc_contig_353,9.027528414,8.937680425,9.210574187,7.85255635,7.679900179,8.195911533
Phel_clc_contig_7382,7.822602058,7.57530401,7.95094484,5.958230212,5.661005604,6.776113202
Phel_clc_contig_2296,8.286362309,8.334134708,8.567149918,6.644476415,6.819532797,6.970360174
Phel_clc_contig_12053,7.745417523,7.67610588,7.936504263,4.418945512,3.92322526,4.50589728
Phel_clc_contig_8679,9.274924142,9.247748826,9.507800784,6.726136399,7.185294705,7.079697039
Phel_clc_contig_24694,5.467328396,5.481089007,6.051091454,1.96827511,2.392647144,0
Phel_clc_contig_17979,5.570383994,5.281460872,5.850039278,1.96827511,2.737319011,3.442651611
Phel_clc_contig_4963,9.350714475,9.172885498,9.684543684,6.946581156,7.083454861,7.449240281
Phel_clc_contig_3737,9.88333168,9.720788908,10.1728615,7.045337028,6.686919268,7.294529774
Phel_clc_contig_1314,8.322242748,8.092919369,8.635794651,4.913143132,5.620023298,4.93632699
Phel_clc_contig_3237,11.66448168,11.49551095,11.9963927,9.550070484,9.842117262,9.50707569
Phel_clc_contig_5338,11.38802095,11.04001527,11.73994035,8.191320332,8.529200954,8.215211179
Phel_clc_contig_8274,9.411660758,9.319768072,9.729212007,7.758650962,8.180329898,8.116022113
Phel_clc_contig_10050,8.726515525,8.600720228,8.83967432,7.013164087,6.801317768,7.294529774
Phel_clc_contig_1197,12.66600572,12.44117867,12.73269483,10.61222034,10.97937089,11.31525114
Phel_clc_contig_6574,9.858091991,9.618107949,9.955545152,7.95772601,7.959939356,8.386726034
Phel_clc_contig_6393,9.547961814,9.299514387,9.613701814,8.233820969,8.371471741,8.369602581
Phel_clc_contig_657,10.92887941,10.59325077,11.0568113,7.834258027,8.620335676,8.501216593
Phel_clc_contig_10654,8.371592839,8.120500727,8.49013968,6.367454941,4.803459544,6.090324176
Phel_clc_contig_7205,8.823590474,8.679655675,8.827986335,7.572487264,7.533100752,7.559055818
Phel_clc_contig_8035,10.65587369,10.30825415,10.61278079,7.85255635,7.068302137,8.156519486
Phel_clc_contig_11219,6.315075274,5.627417151,6.296991436,4.913143132,4.170325694,4.230433605
Phel_clc_contig_3062,9.099941074,8.404738388,9.183313313,7.504682357,6.450254494,7.365345223
Phel_clc_contig_12736,8.878847318,8.253979342,8.866582865,6.726136399,6.782871128,6.581634455
Phel_clc_contig_562,8.186075107,7.746918018,8.218985509,5.739699614,5.443354688,4.50589728
Phel_clc_contig_21585,5.808246026,5.170229538,5.996447502,3.283788458,1.273277161,2.791543215
Phel_clc_contig_4428,12.28410989,11.79811311,12.50698208,10.41701988,9.473620119,9.850372047
Phel_clc_contig_3383,8.078292801,7.806352416,8.339131148,6.31563506,5.700853047,6.321608863
Phel_clc_contig_20794,7.582373096,7.125674863,7.7754516,5.168172666,5.07008444,5.536512997
Phel_clc_contig_7093,8.295416309,7.651107675,8.439833377,4.207752323,4.874875638,5.814745231
Phel_clc_contig_12972,8.292404465,8.101512989,8.408785301,5.739699614,6.990049489,7.239039004
Phel_clc_contig_12409,7.654516455,7.314918531,7.734302492,4.913143132,6.048447639,6.131538041
Phel_clc_contig_14912,9.06330582,8.705036181,9.216562782,7.137763759,7.709504322,7.953147066
Phel_clc_contig_768,7.275806977,6.942069899,7.428586296,5.57314727,6.017224882,6.210595372
Phel_clc_contig_12278,9.036556357,8.791733992,9.51510766,6.557913959,6.973877566,7.34796412
Phel_clc_contig_8498,7.649817336,7.389148604,8.04144232,5.482054453,6.048447639,6.457471173
Phel_clc_contig_9745,5.048911855,4.941937312,5.503332832,1.96827511,3.781747877,3.683393288
Phel_clc_contig_11243,7.341388057,6.817605352,7.556856244,5.482054453,5.777396043,6.285546481
Phel_clc_contig_3087,8.265012528,7.719696152,8.311419556,6.726136399,6.855287109,7.312561716
Phel_clc_contig_386,7.409687083,6.86961605,7.594134223,5.658825569,5.395590685,6.424686993
Phel_clc_contig_17830,7.420762809,6.868066909,7.584904641,5.482054453,5.919278101,6.090324176
Phel_clc_contig_4792,10.37189304,9.627063975,10.45709118,8.219792908,8.805358887,8.792142481
Phel_clc_contig_17408,7.485486402,6.65826719,7.807546195,5.482054453,4.649063566,5.267408452
Phel_clc_contig_2720,8.078292801,7.568643995,8.538750765,6.206051226,5.577842694,6.457471173
Phel_clc_contig_9225,9.172172702,8.805150875,9.555829956,8.191320332,8.024175043,8.224764798
Phel_clc_contig_999,12.51883491,12.09015944,12.70580563,11.72409893,11.19789487,10.75550352
Phel_clc_contig_16810,7.718743143,7.756158651,7.575615634,5.816282258,6.940977158,6.520888927
Phel_clc_contig_13732,6.623821514,6.751940327,6.6377363,1.96827511,5.241996492,4.93632699
Phel_clc_contig_3474,10.19450584,10.28406711,10.25225645,9.012920868,9.459170106,9.354422627
Phel_clc_contig_10438,7.511619841,7.621078221,7.459215198,6.367454941,6.745252125,6.004182256
Phel_clc_contig_12582,7.485486402,7.428561173,7.386708361,4.766452051,5.885093549,4.374733478
Phel_clc_contig_17511,8.186075107,8.242070829,8.068183346,5.384823459,6.60527949,5.408226126
Phel_clc_contig_2661,12.09158728,12.04952802,11.98415827,10.34452994,11.10905537,10.12237584
Phel_clc_contig_23300,4.368433124,4.544398832,4.534796213,0,2.392647144,0
Phel_clc_contig_13447,5.721339846,5.616390047,5.616360638,3.283788458,4.649063566,3.683393288
Phel_clc_contig_15229,6.978862585,6.801467809,6.883373993,5.168172666,5.985309151,5.473796651
Phel_clc_contig_24878,5.132128501,5.033215943,5.046028248,2.77106155,3.781747877,3.153513526
Phel_clc_contig_18839,5.260962802,5.108603907,5.199044096,3.283788458,3.781747877,3.442651611
Phel_clc_contig_8176,10.19933764,10.03234071,10.11472555,7.137763759,8.122817644,7.141530886
Phel_clc_contig_13113,6.786780607,6.253333175,6.024027068,4.418945512,4.279627294,5.191483692
Phel_clc_contig_17462,6.25446177,5.464782607,5.57965988,3.661304959,2.737319011,4.230433605
Phel_clc_contig_2563,9.328833323,8.870038227,8.877963214,7.888471729,7.94342382,8.136412893
Phel_clc_contig_1754,7.875885706,7.473051417,7.229753254,5.889001328,4.476135384,5.473796651
Phel_clc_contig_11508,8.862694382,8.522146794,8.113818726,6.840565201,5.295032364,7.181328203
Phel_clc_contig_3651,8.246457494,7.822436354,7.469282014,6.206051226,5.129695157,6.749884173
Phel_clc_contig_3484,7.911653836,7.434851703,7.594134223,5.384823459,4.05205935,6.639925266
Phel_clc_contig_1499,11.71315321,11.53813528,11.20498629,10.33154266,9.796867177,9.384569002
Phel_clc_contig_16745,4.457174003,4.336119111,3.863373549,1.96827511,0,0
Phel_clc_contig_145,15.10386101,15.008742,14.85047826,13.87633052,13.76218128,13.40425311
Phel_clc_contig_512,12.88973716,12.72972342,12.52368255,11.40103469,11.40507587,10.89368006
Phel_clc_contig_12365,6.191191507,5.709276848,5.246647503,0,0,0
Phel_clc_contig_2786,11.74296642,11.45288104,10.97262079,8.055747169,8.275769272,9.138909159
Phel_clc_contig_15084,8.336933615,8.060738618,7.799589234,4.913143132,5.777396043,6.39113874
Phel_clc_contig_17182,7.415235574,7.123080541,6.821850499,2.77106155,3.015319148,4.374733478
Phel_clc_contig_22783,7.516790513,7.121781111,6.913179043,0,1.938925593,3.153513526
Phel_clc_contig_655,9.638502164,9.384034476,9.292233964,8.205626615,8.501263177,8.469421225
Phel_clc_contig_17176,7.442661562,7.317190992,6.971004311,5.046285869,4.565188923,5.339536494
Phel_clc_contig_5294,10.65059127,10.56652246,10.31779223,9.068771293,9.009550406,9.434826689
Phel_clc_contig_4177,9.172172702,9.087948608,8.900458389,7.719307357,7.748053942,8.234256048
Phel_clc_contig_4935,8.505062428,8.540251278,8.027883886,6.024288647,6.473446001,6.924194922
Phel_clc_contig_4975,7.696131564,7.674334941,7.4077997,5.658825569,6.27654133,6.39113874
Phel_clc_contig_19722,8.046469233,7.935452676,7.791588144,4.766452051,6.108940478,5.654318099
Phel_clc_contig_20352,7.213485323,7.108725166,7.053614237,4.418945512,5.241996492,5.111344363
Phel_clc_contig_27580,4.119306371,4.124104765,3.980619444,0,1.273277161,1.57269568
Phel_clc_contig_5925,8.153250035,8.102830795,7.972338254,7.013164087,7.127984007,7.141530886
Phel_clc_contig_9439,9.574238344,9.480442459,9.430043939,6.685884099,6.855287109,6.39113874
Phel_clc_contig_3095,8.310381478,8.269901832,8.000378658,6.946581156,7.037508518,6.992900959
Phel_clc_contig_6655,9.207775501,9.261381545,8.718303739,3.960242941,4.476135384,5.267408452
Phel_clc_contig_17308,5.967777289,5.906253265,5.616360638,3.960242941,3.448848104,3.442651611
Phel_clc_contig_5839,9.901234678,9.81282565,9.534414364,6.765297372,6.60527949,6.695952068
Phel_clc_contig_9499,9.558028415,9.345039925,9.158641243,5.57314727,4.381221067,2.791543215
Phel_clc_contig_14944,5.333080194,5.286108597,5.046028248,3.661304959,1.938925593,3.683393288
Phel_clc_contig_8821,9.0437382,8.873901765,8.831892755,7.888471729,7.488260323,7.941606377
Phel_clc_contig_10626,8.804691207,8.632084595,8.72251828,7.279754495,7.87540165,7.833358814
Phel_clc_contig_1539,8.655626959,8.152026199,8.387709334,5.739699614,6.801317768,7.34796412
Phel_clc_contig_21725,6.16508386,5.71273058,6.024027068,3.283788458,4.170325694,4.840150994
Phel_clc_contig_7401,8.701758349,8.192810119,8.538750765,6.644476415,7.280417243,7.416265521
Phel_clc_contig_14430,7.903781848,7.546544159,7.537849708,5.482054453,6.35356325,5.596619146
Phel_clc_contig_15097,8.112847626,7.695448247,7.75090324,5.739699614,6.837520713,6.248557606
Phel_clc_contig_13974,9.818861263,9.213397104,9.098296904,6.087456476,6.626126616,6.004182256
Phel_clc_contig_2093,10.01156832,9.617647079,9.74794002,9.012920868,8.859179427,8.903408902
Phel_clc_contig_3697,12.10623943,11.50961108,11.68376855,9.555665675,9.226432424,9.553306739
Phel_clc_contig_17140,6.125016642,5.681325568,5.721175766,4.418945512,4.05205935,4.230433605
Phel_clc_contig_8381,10.97328042,10.43291662,10.42512409,8.275105317,8.137411815,7.894495849
Phel_clc_contig_4325,9.113655966,8.498316298,8.595001187,6.765297372,6.450254494,5.536512997
Phel_clc_contig_10349,9.350714475,8.575792594,9.068807024,6.087456476,6.562660669,6.004182256
Phel_clc_contig_2408,9.513459163,8.870425139,9.048806711,6.685884099,7.068302137,6.827181355
Phel_clc_contig_7999,9.94024135,9.350873563,9.56054607,5.816282258,6.584128201,5.536512997
Phel_clc_contig_8285,7.287955194,6.733346205,6.98510532,5.168172666,5.577842694,5.111344363
Phel_clc_contig_12792,5.952594495,5.663580874,5.787045827,3.661304959,4.05205935,4.070088735
Phel_clc_contig_2528,8.708552486,8.389704467,8.504895638,5.816282258,5.700853047,6.285546481
Phel_clc_contig_4994,9.819907474,9.599327651,9.671523022,8.11757973,8.159030697,8.516855108
Phel_clc_contig_7747,8.286362309,7.955281414,7.972338254,3.283788458,4.942922625,5.191483692
Phel_clc_contig_9238,9.475457631,9.183198413,9.146145287,7.013164087,7.083454861,7.312561716
Phel_clc_contig_8752,8.573650974,8.184744949,8.200975089,5.889001328,6.35356325,6.801872582
Phel_clc_contig_5143,10.25376974,9.82525059,10.00135935,8.885423974,8.67637814,9.02322402
Phel_clc_contig_5942,8.44123073,8.019476198,8.248512541,6.024288647,6.079011097,6.457471173
Phel_clc_contig_6709,8.255765077,7.885036792,8.068183346,6.946581156,7.006043263,7.161567272
Phel_clc_contig_12417,9.04194602,5.894126559,8.28316477,6.367454941,5.18693628,5.408226126
Phel_clc_contig_10803,7.673160646,6.815999312,7.499067738,5.958230212,5.241996492,6.321608863
Phel_clc_contig_4105,10.51311871,9.800901517,10.35491657,9.14498345,8.923748792,8.685477672
Phel_clc_contig_5324,10.51828383,9.906715057,10.27108129,9.427260248,9.209265706,9.158981232
Phel_clc_contig_29720,4.006208245,2.25226426,3.440646623,0,0,0
Phel_clc_contig_3158,7.226166504,6.297728841,6.868237335,4.766452051,5.241996492,4.93632699
Phel_clc_contig_9166,9.742574537,8.899146017,9.372203401,7.815723994,7.441980549,7.964596747
Phel_clc_contig_12811,3.749351908,5.180251316,5.337379277,0,3.015319148,0
Phel_clc_contig_25090,2.481867227,4.154915298,3.980619444,0,1.273277161,0
Phel_clc_contig_2074,7.100937712,8.681861395,8.755798917,6.726136399,6.222808424,6.424686993
Phel_clc_contig_21596,5.236102234,5.119061465,5.910396889,1.96827511,4.279627294,3.442651611
Phel_clc_contig_11604,6.725576213,6.456625473,7.310364662,4.603133742,5.577842694,5.814745231
Phel_clc_contig_3930,7.442661562,7.394537293,8.120221804,5.739699614,6.19517237,6.827181355
Phel_clc_contig_12498,7.317883787,7.248614528,7.807546195,6.206051226,5.577842694,6.248557606
Phel_clc_contig_15642,8.322242748,8.130870653,9.021701245,6.51260458,6.017224882,6.424686993
Phel_clc_contig_9087,9.123857569,8.882749414,9.647342395,7.658204341,7.199273831,7.795393578
Phel_clc_contig_28718,3.346588193,3.431235158,4.089048934,0,0,1.57269568
Phel_clc_contig_1828,9.759030964,9.757014576,10.25807485,8.61230052,8.791584237,8.785702241
Phel_clc_contig_9874,9.470136603,9.428322063,10.1511386,7.85255635,8.070541747,8.042295221
Phel_clc_contig_11579,8.548626197,8.485746809,9.149279438,7.85255635,7.453690416,7.756401537
Phel_clc_contig_17926,4.17268752,4.353937223,5.380691358,1.96827511,0,1.57269568
Phel_clc_contig_7564,5.609627917,5.612694553,6.583159509,3.661304959,2.737319011,4.626129537
Phel_clc_contig_8096,6.853690065,6.847778983,7.823330296,3.960242941,0,5.026485819
Phel_clc_contig_12743,6.440085125,6.78678714,7.053614237,5.658825569,4.803459544,5.709800673
Phel_clc_contig_13620,5.260962802,5.590326555,6.077655322,4.603133742,3.781747877,3.889658492
Phel_clc_contig_4830,5.874189569,6.165270822,6.6377363,5.168172666,3.781747877,4.50589728
Phel_clc_contig_3342,11.9544633,12.42016109,12.64437979,11.47080644,10.78682789,10.53708966
Phel_clc_contig_17646,8.202211999,8.759516396,9.762340178,5.57314727,7.156923413,6.004182256
Phel_clc_contig_13176,10.02523883,10.80455288,11.61288771,7.045337028,6.048447639,6.801872582
Phel_clc_contig_6154,7.4802021,8.063447934,8.455110183,6.876777222,6.60527949,7.015094976
Phel_clc_contig_5425,10.54889212,11.22282641,11.71265755,8.233820969,8.039796956,7.294529774
Phel_clc_contig_9571,6.707600712,7.900271498,8.455110183,6.644476415,5.395590685,4.626129537
Phel_clc_contig_18268,6.204068314,6.011016987,7.639417409,4.418945512,5.129695157,3.889658492
Phel_clc_contig_3867,8.283331483,8.122450645,9.189416149,7.137763759,6.940977158,6.852053786
Phel_clc_contig_570,13.40984733,12.7872712,14.88484703,10.98410176,9.787644189,9.414098315
Phel_clc_contig_714,13.7149413,13.48423017,15.08694462,12.109852,10.43765388,10.91891294
Phel_clc_contig_5527,5.857983483,6.698911594,8.808293978,3.661304959,1.938925593,4.840150994
Phel_clc_contig_7739,10.83885449,11.04892881,13.27347435,8.715880332,8.371471741,6.852053786
Phel_clc_contig_1244,5.401766976,4.185081569,2.231616727,8.55758164,5.661005604,6.489528485
Phel_clc_contig_1291,7.409687083,6.714507927,6.583159509,11.49138855,8.863575192,9.314713744
Phel_clc_contig_188,7.572475137,7.779415356,7.518589428,11.09200316,8.768329911,9.278475478
Phel_clc_contig_10096,5.077187444,6.27686883,5.246647503,8.774636853,6.496272189,7.058483184
Phel_clc_contig_13975,3.749351908,4.691763057,3.980619444,7.25245256,5.007904114,5.473796651
Phel_clc_contig_12562,3.436641592,5.540634879,5.098857447,8.08699442,6.079011097,6.321608863
Phel_clc_contig_3450,5.721339846,7.675221035,7.205869474,10.13998908,8.047544387,8.343529966
Phel_clc_contig_13040,3.521402571,4.224349037,3.069238148,6.765297372,5.129695157,5.111344363
Phel_clc_contig_3395,5.590137892,6.382622298,4.93418622,8.946327034,7.142526782,7.100604525
Phel_clc_contig_15442,2.641869674,3.719303934,1.158466295,6.557913959,4.565188923,4.840150994
Phel_clc_contig_2449,5.841595796,6.386954037,5.098857447,9.02910001,7.127984007,7.449240281
Phel_clc_contig_6649,2.301880253,3.648891056,1.792605513,7.384073126,4.942922625,5.536512997
Phel_clc_contig_10261,3.817981329,4.705707025,3.440646623,7.923514088,4.803459544,6.39113874
Phel_clc_contig_2843,5.077187444,5.825559235,4.68056066,8.191320332,6.048447639,6.801872582
Phel_clc_contig_129,11.07799345,10.32147109,10.33853473,13.62011812,11.16354754,12.32776985
Phel_clc_contig_7497,0,1.704252269,0,5.958230212,1.273277161,4.626129537
Phel_clc_contig_1621,11.38059543,11.16108331,11.39783739,13.14815861,12.10409257,12.27586688
Phel_clc_contig_15160,0,0.170566057,0,4.603133742,2.737319011,3.442651611
Phel_clc_contig_1748,4.866537121,3.113367121,3.863373549,10.58238034,8.449569628,9.287620737
Phel_clc_contig_15246,1.568275372,2.705071096,2.840161067,6.367454941,4.728328707,5.267408452
Phel_clc_contig_3848,7.572475137,7.722269963,8.13294333,10.34452994,8.932143871,9.323632849
Phel_clc_contig_1067,3.147648606,4.649115315,2.840161067,7.409014938,5.346187483,6.248557606
Phel_clc_contig_13229,0,2.213751646,1.158466295,5.168172666,3.448848104,4.070088735
Phel_clc_contig_17294,2.641869674,3.691556497,3.069238148,6.417477872,5.07008444,5.408226126
Phel_clc_contig_13004,3.749351908,4.214637741,3.440646623,6.147972123,5.07008444,5.267408452
Phel_clc_contig_6210,7.161613625,7.54363662,6.942380786,8.996558508,8.008382119,8.28992712
Phel_clc_contig_1729,5.401766976,6.76364926,5.42274095,9.021033258,7.618805401,7.845795494
Phel_clc_contig_9743,4.413485768,5.418975861,4.372624809,7.384073126,6.017224882,6.285546481
Phel_clc_contig_10674,4.119306371,4.195001058,2.840161067,7.637247962,6.222808424,6.210595372
Phel_clc_contig_4987,4.730737762,5.705812065,4.60951859,9.107380563,7.719238211,7.632673916
Phel_clc_contig_14379,0,2.326307235,1.158466295,6.980257274,5.489591102,5.536512997
Phel_clc_contig_15496,0,1.090379227,0,5.046285869,3.624884628,3.683393288
Phel_clc_contig_3007,6.125016642,6.877335674,6.655479204,9.550070484,8.371471741,8.386726034
Phel_clc_contig_3167,7.705219044,8.082272011,8.081369989,10.64145571,9.387720964,9.545703745
Phel_clc_contig_1675,7.52194272,7.236661943,7.205869474,10.83563138,9.499270886,9.590732061
Phel_clc_contig_5542,2.301880253,0.586788758,2.231616727,8.328375139,6.76418424,6.801872582
Phel_clc_contig_2132,6.594778431,6.937646884,6.6377363,10.63089313,9.090533784,8.98438086
Phel_clc_contig_9315,5.185049844,5.155069167,5.149820268,8.675336435,7.253873007,7.058483184
Phel_clc_contig_625,8.755236779,8.967638975,9.048806711,11.44541262,10.32103447,10.2634745
Phel_clc_contig_7258,5.721339846,6.098154233,6.103738908,9.004762885,7.719238211,7.618247467
Phel_clc_contig_11874,0,0.32308179,0,5.739699614,3.624884628,4.230433605
Phel_clc_contig_2327,6.395869975,6.831977284,6.673006546,9.408830298,7.822194136,8.166468917
Phel_clc_contig_282,5.739143321,6.11392132,8.034679031,14.06543093,12.05545042,12.32444127
Phel_clc_contig_3713,6.055659873,6.309188923,5.463599571,9.469369328,7.849043483,8.074355041
Phel_clc_contig_4663,4.800232095,5.709276848,4.748268002,9.107380563,7.344715782,7.432846692
Phel_clc_contig_6226,6.956204214,7.245039234,6.971004311,9.427260248,8.137411815,8.186163773
Phel_clc_contig_4364,3.677293993,4.825460018,4.534796213,7.59439851,6.048447639,6.248557606
Phel_clc_contig_1300,8.774790683,9.098223991,9.143004313,11.52314996,10.23034221,10.08876346
Phel_clc_contig_13906,3.036837374,4.124104765,4.68056066,8.354290381,6.626126616,6.39113874
Phel_clc_contig_3928,4.17268752,5.219648693,5.337379277,9.181631336,7.332083108,7.239039004
Phel_clc_contig_3591,5.921740986,5.994075055,6.619772466,9.345639208,7.892710375,7.845795494
Phel_clc_contig_831,7.501223362,7.914596812,9.111212368,12.18126679,10.46104862,10.3813553
Phel_clc_contig_2389,4.063865296,3.290321182,6.051091454,9.824882548,7.918289622,7.559055818
Phel_clc_contig_9286,4.119306371,4.175101391,4.748268002,7.045337028,5.489591102,5.408226126
Phel_clc_contig_1874,9.735938943,9.622248437,9.361433259,12.43380509,11.13928044,10.76043862
Phel_clc_contig_4360,6.191191507,6.819209605,6.274203878,10.31514254,8.70115014,8.39521193
Phel_clc_contig_632,2.916801453,3.379995171,2.231616727,11.83178206,10.08168328,9.659271867
Phel_clc_contig_2030,7.238738145,7.247423431,6.942380786,10.37015916,8.828028873,8.74644378
Phel_clc_contig_7129,3.147648606,1.958248775,2.840161067,8.793702141,6.782871128,6.695952068
Phel_clc_contig_10101,0,0,0,5.482054453,2.737319011,0
Phel_clc_contig_16985,0,0,1.158466295,6.2618843,3.448848104,2.791543215
Phel_clc_contig_4914,2.481867227,3.648891056,4.089048934,8.07145539,5.577842694,4.50589728
Phel_clc_contig_10685,0,0.460899797,0,6.367454941,4.05205935,0
Phel_clc_contig_1992,3.147648606,3.887749456,4.089048934,7.888471729,5.814196628,3.683393288
Phel_clc_contig_5816,2.301880253,3.691556497,2.56774013,7.678860663,5.534391601,3.442651611
Phel_clc_contig_25,0,1.462942273,2.56774013,7.870625491,5.814196628,3.683393288
Phel_clc_contig_6080,0.72700555,2.213751646,1.158466295,7.384073126,5.489591102,3.153513526
Phel_clc_contig_276,11.08017796,11.10375313,12.48730229,15.85393809,14.22035338,13.39687703
Phel_clc_contig_1508,6.503967219,6.212417591,7.7754516,12.58030262,10.56726887,9.948774429
Phel_clc_contig_1716,5.739143321,4.869476634,5.880533706,9.838717348,7.935094313,7.603676041
Phel_clc_contig_39,6.418147773,6.544576572,6.545591589,10.74548458,9.052536806,8.224764798
Phel_clc_contig_9736,0,0.460899797,0,6.465825944,4.565188923,3.683393288
Phel_clc_contig_1074,9.939279038,9.855462321,10.01516831,12.27243244,11.15908432,10.55424195
Phel_clc_contig_106,7.587295975,7.379396563,8.254346021,12.58578217,10.92992715,9.831736504
Phel_clc_contig_2691,0,0,0,5.57314727,3.92322526,2.791543215
Phel_clc_contig_433,1.208080202,2.705071096,2.231616727,13.55805478,11.8459449,10.61362769
Phel_clc_contig_193,5.590137892,6.91981677,6.077655322,12.06347588,10.55100847,8.932851937
Phel_clc_contig_2796,2.641869674,3.863076143,3.266861484,8.500704872,6.855287109,5.111344363
Phel_clc_contig_2593,4.898580831,5.663580874,5.616360638,10.73812182,9.090533784,7.574082581
Phel_clc_contig_913,0,2.732573121,3.069238148,10.70325707,8.923748792,7.432846692
Phel_clc_contig_1365,7.087101061,7.947968829,7.310364662,11.23311758,9.453349249,8.386726034
Phel_clc_contig_14220,0,1.325213695,0,5.739699614,3.781747877,2.791543215
Phel_clc_contig_765,5.236102234,6.440041924,5.503332832,10.01152401,8.314815235,7.276268668
Phel_clc_contig_5341,5.260962802,5.612694553,4.534796213,8.954821537,7.213118805,6.285546481
Phel_clc_contig_697,5.952594495,6.684902874,5.380691358,9.65804917,7.959939356,7.058483184
Phel_clc_contig_5167,5.997669519,5.841432258,5.337379277,8.725840659,7.280417243,6.39113874
Phel_clc_contig_904,5.37923279,5.872661338,3.980619444,9.377580811,7.728907546,6.551580614
Phel_clc_contig_6038,3.883493744,5.384723322,3.735749611,7.97453218,6.402718767,5.026485819
Phel_clc_contig_1060,4.273881366,4.431489247,4.534796213,10.97159888,8.583504041,8.555225646
Phel_clc_contig_1261,6.384600731,7.644790033,6.98510532,11.82484787,9.60017979,9.287620737
Phel_clc_contig_17964,0,1.172999473,0,5.384823459,3.24830712,2.791543215
Phel_clc_contig_2191,4.063865296,5.384723322,4.089048934,10.30852982,8.047544387,7.58895519
Phel_clc_contig_3462,3.946150672,5.670704397,4.68056066,9.152388033,7.052987485,6.87650344
Phel_clc_contig_2885,5.791280123,7.170345726,5.380691358,10.72079481,8.768329911,8.116022113
Phel_clc_contig_4793,4.413485768,5.857130052,5.787045827,9.053033388,7.1711788,6.749884173
Phel_clc_contig_17045,0,1.395720913,0,5.384823459,2.392647144,2.307166193
Phel_clc_contig_7179,4.580814807,5.544519388,4.874836303,8.774636853,6.138261559,6.171609166
Phel_clc_contig_3349,1.856268645,3.362497943,2.840161067,6.367454941,4.170325694,4.070088735
Phel_clc_contig_6497,4.580814807,5.773561236,5.337379277,9.02910001,6.782871128,6.639925266
Phel_clc_contig_6291,0,1.588612707,1.158466295,5.168172666,2.737319011,2.791543215
Phel_clc_contig_4397,5.628858148,6.846207457,4.991190754,9.35850088,7.766949564,7.276268668
Phel_clc_contig_3656,6.012387655,7.629330389,5.968330413,10.36379441,8.359072191,8.105717358
Phel_clc_contig_4330,6.191191507,7.567689941,5.754486698,10.49771454,8.506893864,7.82081463
Phel_clc_contig_8929,4.413485768,5.362894148,4.189895704,8.08699442,6.166998574,5.596619146
Phel_clc_contig_94,5.333080194,6.603473537,5.57965988,9.167083904,7.394167694,6.581634455
Phel_clc_contig_7404,3.346588193,5.038734664,4.372624809,7.796949404,6.108940478,5.408226126
Phel_clc_contig_10279,3.946150672,2.589523817,5.149820268,7.658204341,6.166998574,5.709800673
Phel_clc_contig_74,14.10100024,13.79571033,14.885082,16.9835626,15.90189022,15.42644789
Phel_clc_contig_8899,6.545033959,5.930200366,6.426640478,8.568692631,7.453690416,7.036951634
Phel_clc_contig_1085,6.25446177,6.274531908,5.754486698,8.341390726,7.689835877,7.276268668
Phel_clc_contig_10262,4.800232095,5.444143584,3.980619444,7.433532865,6.801317768,6.285546481
Phel_clc_contig_120,2.785885293,5.071402294,3.863373549,7.97453218,7.381962505,6.639925266
Phel_clc_contig_12352,2.785885293,3.732985484,1.792605513,6.31563506,5.700853047,4.93632699
Phel_clc_contig_6577,7.537289077,7.812002053,7.428586296,9.457462965,8.989579562,8.547632591
Phel_clc_contig_641,8.249566698,8.145008933,7.734302492,9.852420581,9.414930632,9.02322402
Phel_clc_contig_6653,5.890215629,5.540634879,4.874836303,7.906099301,7.418272607,6.947462781
Phel_clc_contig_12357,4.730737762,4.746737342,5.246647503,7.409014938,6.782871128,6.210595372
Phel_clc_contig_2258,8.35147595,8.146926028,8.35550615,9.714163763,9.253481152,8.95023335
Phel_clc_contig_12933,3.346588193,4.544398832,3.980619444,7.906099301,7.068302137,6.457471173
Phel_clc_contig_2176,0,2.46391013,2.56774013,6.557913959,5.661005604,4.93632699
Phel_clc_contig_124,3.521402571,3.174789893,4.455984709,11.98789024,11.05049755,10.35766889
Phel_clc_contig_2548,5.628858148,7.941356366,5.754486698,13.99304661,13.1365323,12.25620264
Phel_clc_contig_3494,4.694690792,5.119061465,4.874836303,8.02380757,7.240415467,6.611073501
Phel_clc_contig_2029,1.208080202,4.988298402,3.980619444,9.137540923,8.431918755,7.632673916
Phel_clc_contig_18,4.76590598,3.732985484,5.463599571,16.98534522,16.18107444,15.50610234
Phel_clc_contig_2365,5.185049844,5.309117966,6.251050603,11.00265506,10.23204323,9.50707569
Phel_clc_contig_329,3.883493744,3.786439539,3.735749611,9.004762885,8.301917282,7.618247467
Phel_clc_contig_2982,2.916801453,3.875465545,4.372624809,7.409014938,6.706625863,6.39113874
Phel_clc_contig_4215,0,2.361964822,2.231616727,5.384823459,4.728328707,4.230433605
Phel_clc_contig_12907,0,0.702568896,0,3.960242941,3.24830712,2.791543215
Phel_clc_contig_8470,6.338624082,6.358556263,6.129359272,8.590661148,8.039796956,7.729809012
Phel_clc_contig_7362,4.224171507,5.406227119,4.089048934,8.315241058,7.699703617,7.294529774
Phel_clc_contig_11036,4.619782735,5.780163092,4.991190754,7.433532865,6.837520713,6.285546481
Phel_clc_contig_1854,3.749351908,5.119061465,3.980619444,7.25245256,6.646676785,5.864488274
Phel_clc_contig_10344,5.020075437,6.538747662,5.850039278,8.102367863,7.597852184,7.079697039
Phel_clc_contig_6668,2.481867227,5.016536434,3.863373549,7.045337028,6.562660669,5.814745231
Phel_clc_contig_5388,5.997669519,6.688418177,5.910396889,8.341390726,8.000420349,7.330371956
Phel_clc_contig_26,8.021223191,9.471800378,8.35550615,11.78966825,10.92992715,10.69320763
Phel_clc_contig_3957,4.273881366,5.517108734,4.534796213,7.739112935,6.990049489,6.801872582
Phel_clc_contig_9208,5.020075437,5.756919202,4.455984709,8.219792908,7.499601166,7.294529774
Phel_clc_contig_1687,8.518012602,9.319201531,8.735088532,10.72328286,10.27062004,9.963115284
Phel_clc_contig_818,7.887907218,8.602584187,8.151818236,9.961820088,9.490771271,9.212781613
Phel_clc_contig_7615,5.236102234,6.090205596,5.098857447,7.550238098,6.990049489,6.723170806
Phel_clc_contig_6855,2.916801453,4.528802582,2.840161067,6.31563506,5.534391601,5.111344363
Phel_clc_contig_10782,3.436641592,2.213751646,0,8.176870761,7.052987485,6.723170806
Phel_clc_contig_1695,7.275806977,8.092919369,7.657139777,10.49480509,9.426861211,9.183685
Phel_clc_contig_11006,2.481867227,3.344785897,3.069238148,7.504682357,6.302675476,5.912570831
Phel_clc_contig_420,4.063865296,5.582790813,5.098857447,9.729096418,8.534723858,8.136412893
Phel_clc_contig_2379,5.666563462,6.219722254,6.251050603,10.84936397,9.602811307,9.305739155
Phel_clc_contig_4813,7.961802728,8.216129854,8.145554169,11.00265506,9.984128039,9.84418696
Phel_clc_contig_1865,7.358768985,8.194664775,7.310364662,11.27272402,10.30980351,9.819177825
Phel_clc_contig_4572,6.893984639,7.425404753,7.026599794,9.792075926,8.923748792,8.63621169
Phel_clc_contig_309,8.258853838,8.575792594,8.915262443,11.69903726,10.78451151,10.57679902
Phel_clc_contig_6923,5.132128501,5.209897803,5.292726543,7.167301722,6.518742842,6.321608863
Phel_clc_contig_18565,1.856268645,2.705071096,4.089048934,6.417477872,5.443354688,5.111344363
Phel_clc_contig_3275,5.132128501,5.726471588,6.507020768,9.408830298,8.443709828,7.953147066
Phel_clc_contig_2283,7.635628164,6.982712992,8.230869226,10.71830237,9.656995571,9.37601987
Phel_clc_contig_4889,6.584965506,6.693673729,7.131749976,9.371248685,8.321221452,8.084884904
Phel_clc_contig_777,9.39209907,9.81161745,10.28966355,12.45192067,11.44302014,11.16455268
Phel_clc_contig_1955,4.540765048,5.155069167,3.980619444,7.504682357,6.60527949,6.520888927
Phel_clc_contig_5637,5.77410969,6.132103818,4.812939694,9.152388033,8.187360487,7.9759557
Phel_clc_contig_4833,4.499571669,4.760162386,4.284151341,7.504682357,6.562660669,6.520888927
Phel_clc_contig_2046,9.484722416,9.427270726,9.174110754,11.59147461,10.63311439,10.59717107
Phel_clc_contig_7110,5.756732437,5.982669645,4.455984709,8.858514445,7.719238211,7.795393578
Phel_clc_contig_1604,5.857983483,6.55231251,5.787045827,8.176870761,7.31933884,7.330371956
Phel_clc_contig_3421,5.756732437,6.936169134,6.341516155,8.903088899,8.06291662,7.882474318
Phel_clc_contig_484,7.341388057,8.607233391,7.899756894,10.54066849,9.602811307,9.491330025
Phel_clc_contig_5442,5.647835421,6.470980928,5.818886342,8.654628869,7.738512506,7.559055818
Phel_clc_contig_5519,4.990646327,5.641991023,4.748268002,7.678860663,6.782871128,6.639925266
Phel_clc_contig_9235,6.407051875,6.860297396,6.251050603,8.73573269,7.748053942,7.688977594
Phel_clc_contig_493,4.929923523,6.565751002,5.42274095,8.301985851,7.226831212,7.330371956
Phel_clc_contig_5166,5.666563462,6.940596675,6.154532579,8.894283625,7.901287482,8.116022113
Phel_clc_contig_9953,4.990646327,6.311468603,5.68707469,8.132632362,7.127984007,7.257774395
Phel_clc_contig_12273,0,1.910924497,2.231616727,5.384823459,4.476135384,4.50589728
Phel_clc_contig_6433,5.020075437,6.095508847,6.024027068,8.367075279,7.597852184,7.528523655
Phel_clc_contig_9055,4.368433124,5.57900813,5.57965988,7.481353842,6.76418424,6.776113202
Phel_clc_contig_8842,6.837250733,7.080915569,7.386708361,8.500704872,7.984364339,7.953147066
Phel_clc_contig_6428,5.37923279,5.906253265,3.735749611,7.678860663,6.855287109,6.639925266
Phel_clc_contig_1721,9.510870166,9.022970567,9.336901936,10.79835904,10.44206943,10.03003392
Phel_clc_contig_216,13.23637367,12.1537139,13.20734996,15.13781762,14.5065904,14.12499355
Phel_clc_contig_130,6.524646706,5.652824901,7.229753254,10.19480326,9.490771271,7.918243699
Phel_clc_contig_17240,3.036837374,2.46391013,3.980619444,6.087456476,5.620023298,3.889658492
Phel_clc_contig_12358,0.72700555,2.25226426,2.56774013,6.2618843,5.534391601,4.374733478
Phel_clc_contig_18718,2.481867227,2.732573121,2.840161067,5.168172666,4.381221067,3.683393288
Phel_clc_contig_1420,11.31495812,11.38322756,11.41030098,13.27864442,12.65066995,12.02011014
Phel_clc_contig_291,6.25446177,5.971173349,7.131749976,14.9249203,13.94996783,12.45853214
Phel_clc_contig_15690,3.036837374,2.837600183,3.266861484,5.739699614,5.007904114,4.230433605
Phel_clc_contig_2714,6.407051875,6.283855116,6.447159286,9.806227215,9.037052976,8.116022113
Phel_clc_contig_5174,7.871855967,7.550412041,8.000378658,9.673570734,9.029248571,8.524611449
Phel_clc_contig_6192,3.346588193,2.559124669,3.440646623,5.816282258,4.874875638,4.070088735
Phel_clc_contig_12782,4.619782735,4.691763057,4.089048934,6.840565201,6.328344618,5.473796651
Phel_clc_contig_3218,4.730737762,5.010931976,4.534796213,7.637247962,7.083454861,5.912570831
Phel_clc_contig_3757,6.461695528,6.134680951,6.051091454,8.876509887,8.431918755,7.257774395
Phel_clc_contig_7541,2.096228113,1.090379227,0,4.766452051,4.05205935,2.791543215
Phel_clc_contig_4533,7.001169461,7.380483577,7.648305806,9.319566906,8.763633659,8.156519486
Phel_clc_contig_4710,2.785885293,3.923976329,4.874836303,6.765297372,5.985309151,5.267408452
Phel_clc_contig_61,8.774790683,8.473066845,10.26675879,12.35095603,11.7085361,11.02251312
Phel_clc_contig_15258,0,1.090379227,0,5.046285869,3.781747877,1.57269568
Phel_clc_contig_1639,7.907722911,8.026435467,7.767315137,10.71079929,9.644277936,8.570292527
Phel_clc_contig_202,8.44123073,9.530990125,9.990915163,14.19454572,12.87570764,11.23005785
Phel_clc_contig_360,3.677293993,6.431678113,7.630473912,12.23804707,10.83462969,9.123669559
Phel_clc_contig_16802,0.72700555,0.909427507,0,5.482054453,4.05205935,1.57269568
Phel_clc_contig_22525,0,0.586788758,0,4.913143132,3.448848104,1.57269568
Phel_clc_contig_6065,3.346588193,4.204852809,2.56774013,7.699226096,6.249925022,4.070088735
Phel_clc_contig_3118,5.048911855,5.976934093,5.68707469,9.14498345,7.822194136,5.596619146
Phel_clc_contig_4866,0,0.909427507,0,6.912101326,5.295032364,0
Phel_clc_contig_15919,0,2.361964822,2.56774013,6.465825944,5.18693628,2.307166193
Phel_clc_contig_7904,1.568275372,3.589979156,2.840161067,6.601845057,5.295032364,3.442651611
Phel_clc_contig_3782,2.301880253,3.344785897,1.158466295,6.367454941,5.241996492,3.442651611
Phel_clc_contig_4180,3.601458821,4.844491109,2.840161067,7.306550254,6.079011097,4.840150994
Phel_clc_contig_1504,5.401766976,3.092292021,4.372624809,7.796949404,6.706625863,5.267408452
Phel_clc_contig_8143,7.226166504,5.872661338,6.956762954,9.936310793,9.079239425,7.449240281
Phel_clc_contig_12147,1.208080202,2.361964822,1.158466295,6.147972123,5.129695157,0
Phel_clc_contig_10981,3.036837374,3.786439539,3.266861484,7.719307357,6.782871128,4.737108053
Phel_clc_contig_2427,3.436641592,4.988298402,2.840161067,8.315241058,7.381962505,5.111344363
Phel_clc_contig_4200,3.521402571,4.619964627,3.440646623,7.678860663,6.745252125,4.626129537
Phel_clc_contig_7628,3.677293993,4.049543646,2.56774013,6.946581156,5.985309151,3.889658492
Phel_clc_contig_13864,1.208080202,2.174182678,0,5.482054453,4.728328707,1.57269568
Phel_clc_contig_7180,5.666563462,6.119140338,5.046028248,8.315241058,7.689835877,6.090324176
Phel_clc_contig_5602,5.158829799,5.71273058,4.748268002,8.489055565,7.94342382,5.864488274
Phel_clc_contig_240,0,1.172999473,3.266861484,8.429354013,7.639459376,3.889658492
Phel_clc_contig_9026,1.856268645,1.527120393,2.231616727,7.457641895,6.782871128,4.070088735
Phel_clc_contig_2712,3.883493744,4.906159445,3.069238148,7.279754495,6.473446001,5.026485819
Phel_clc_contig_5042,4.006208245,5.331769698,4.089048934,7.59439851,7.021861671,5.654318099
Phel_clc_contig_14650,0.72700555,2.648465443,2.56774013,5.658825569,4.565188923,3.442651611
Phel_clc_contig_15018,0.72700555,1.758729568,1.792605513,4.913143132,3.781747877,2.791543215
Phel_clc_contig_2203,6.886015988,7.52409973,7.791588144,9.847867284,8.725503618,8.195911533
Phel_clc_contig_7558,0.72700555,3.049212535,3.266861484,6.2618843,4.874875638,3.889658492
Phel_clc_contig_1019,9.773142999,9.50132429,9.638448042,12.00639527,11.20657162,10.61180838
Phel_clc_contig_4727,4.119306371,3.619741659,3.980619444,8.725840659,7.679900179,6.668209914
Phel_clc_contig_1224,6.191191507,6.575274508,6.341516155,9.970223833,8.823523285,7.964596747
Phel_clc_contig_1112,7.094035447,7.535853894,7.026599794,12.44364599,11.29872337,10.5466439
Phel_clc_contig_2826,2.785885293,3.759954742,3.266861484,7.796949404,6.646676785,5.864488274
Phel_clc_contig_3712,3.036837374,4.612582509,4.60951859,10.43534606,9.223015093,8.334733176
Phel_clc_contig_458,6.545033959,7.447351898,7.080132118,11.95015256,10.80293845,9.865719818
Phel_clc_contig_884,3.817981329,4.505077915,3.440646623,7.923514088,6.92424125,5.814745231
Phel_clc_contig_3071,8.214992707,8.426999755,8.70983754,10.97159888,9.986145241,9.451197715
Phel_clc_contig_296,0,1.00273852,1.158466295,13.3305627,11.83591334,10.61362769
Phel_clc_contig_3665,4.17268752,4.719512035,3.595730406,8.55758164,7.199273831,6.581634455
Phel_clc_contig_148,3.817981329,4.005139453,4.372624809,11.59419577,10.19589665,9.227112898
Phel_clc_contig_684,11.33631793,11.15029196,11.04339714,14.10317381,12.95868793,12.39542537
Phel_clc_contig_634,4.499571669,5.427415097,5.652150879,11.88386466,10.39729428,9.637977509
Phel_clc_contig_324,3.036837374,3.899929657,4.089048934,14.00842914,12.66867933,12.02011014
Phel_clc_contig_750,11.44812007,11.15617367,11.41030098,14.15016098,13.03958411,12.65108193
Phel_clc_contig_1378,7.066093497,7.946502205,6.868237335,10.72079481,9.363096154,8.599962295
Phel_clc_contig_1605,8.603118531,8.750718374,8.581142572,11.21731846,10.0259075,9.48736676
Phel_clc_contig_4627,4.694690792,5.608989568,4.68056066,9.130059802,7.649676528,6.852053786
Phel_clc_contig_1649,7.42626811,7.699808401,7.205869474,9.678707875,8.646079472,8.243684788
Phel_clc_contig_9242,5.921740986,6.167791442,4.372624809,9.35850088,7.959939356,7.382519414
Phel_clc_contig_4093,6.901910724,8.309810557,5.996447502,11.28961087,9.726214071,9.128767419
Phel_clc_contig_4815,5.685054306,6.513211212,5.199044096,9.107380563,7.757532688,7.312561716
Phel_clc_contig_1507,6.24202699,7.746075568,6.821850499,10.74793037,9.473620119,8.726406873
Phel_clc_contig_8135,5.158829799,5.612694553,5.098857447,7.758650962,6.726068261,6.210595372
Phel_clc_contig_5239,4.898580831,5.933164226,5.463599571,8.568692631,7.406270494,6.611073501
Phel_clc_contig_6400,4.499571669,6.005391005,5.380691358,8.354290381,7.021861671,6.639925266
Phel_clc_contig_6665,4.619782735,6.124338475,4.60951859,8.275105317,7.068302137,6.424686993
Phel_clc_contig_16777,3.036837374,4.234003066,3.980619444,6.2618843,5.295032364,5.191483692
Phel_clc_contig_4022,5.666563462,6.691924935,6.564498591,8.821836152,7.804013535,7.513011399
Phel_clc_contig_3307,4.990646327,6.22214959,4.991190754,8.162275002,7.142526782,6.87650344
Phel_clc_contig_812,8.941709069,9.747990355,8.926266636,11.54581773,10.54417894,10.30008688
Phel_clc_contig_6982,4.800232095,5.796540651,5.098857447,7.527639642,6.562660669,6.248557606
Phel_clc_contig_2554,4.800232095,6.47302056,4.60951859,9.396411481,8.039796956,7.7027171
Phel_clc_contig_8057,5.132128501,6.279201972,5.292726543,8.275105317,7.068302137,6.827181355
Phel_clc_contig_8681,4.619782735,5.322753801,3.595730406,7.796949404,6.426682405,6.248557606
Phel_clc_contig_11386,3.677293993,4.362764429,3.069238148,6.51260458,5.577842694,5.111344363
Phel_clc_contig_2240,5.666563462,6.23181638,5.046028248,8.26147487,7.430175695,6.87650344
Phel_clc_contig_16229,1.568275372,2.705071096,1.158466295,5.046285869,4.170325694,3.442651611
Phel_clc_contig_3628,4.83376549,6.325080544,4.874836303,8.821836152,7.831199552,7.220057102
Phel_clc_contig_2208,7.381620816,8.07624856,7.131749976,9.815585035,8.940490381,8.445106745
Phel_clc_contig_8080,4.224171507,5.267430925,4.372624809,7.137763759,6.27654133,5.654318099
Phel_clc_contig_4404,5.874189569,6.728232097,5.616360638,8.793702141,7.918289622,7.036951634
Phel_clc_contig_894,7.485486402,7.885036792,7.343579265,9.63709034,8.786963196,8.205593384
Phel_clc_contig_2438,1.856268645,4.431489247,3.440646623,7.137763759,6.138261559,5.408226126
Phel_clc_contig_17809,3.436641592,4.113683832,3.266861484,6.2618843,5.534391601,4.840150994
Phel_clc_contig_7766,4.898580831,5.790013485,4.93418622,8.132632362,7.381962505,6.611073501
Phel_clc_contig_3932,5.260962802,6.804709274,5.292726543,9.758505895,8.823523285,8.053061363
Phel_clc_contig_8813,4.273881366,4.999657319,3.735749611,7.719307357,6.837520713,6.047896052
Phel_clc_contig_9547,6.216833145,6.721386332,6.526435074,8.876509887,8.187360487,7.513011399
Phel_clc_contig_2977,8.307400746,9.235187815,7.630473912,10.8853577,10.16417635,9.455261455
Phel_clc_contig_4703,4.413485768,5.835102979,4.189895704,7.699226096,6.890176709,6.047896052
Phel_clc_contig_7137,5.825017274,6.956717659,5.380691358,8.774636853,7.935094313,7.239039004
Phel_clc_contig_19685,2.481867227,1.527120393,1.158466295,5.57314727,3.015319148,5.111344363
Phel_clc_contig_15221,1.856268645,1.704252269,0,5.046285869,2.737319011,4.230433605
Phel_clc_contig_6408,3.946150672,4.677688638,2.840161067,7.358691635,4.942922625,6.551580614
Phel_clc_contig_4716,5.685054306,5.900202653,5.968330413,8.176870761,6.302675476,7.497331335
Phel_clc_contig_2201,11.02998107,10.80920123,11.45150869,13.1248237,11.71827711,12.48560688
Phel_clc_contig_3578,3.817981329,1.758729568,3.980619444,7.358691635,5.295032364,6.457471173
Phel_clc_contig_1665,8.336933615,8.920224213,9.941150631,11.82020653,10.16239359,11.11532234
Phel_clc_contig_9657,1.856268645,2.589523817,3.440646623,5.889001328,4.05205935,4.93632699
Phel_clc_contig_16015,4.063865296,4.175101391,3.595730406,5.958230212,5.007904114,5.408226126
Phel_clc_contig_16939,2.481867227,3.113367121,2.231616727,5.168172666,4.170325694,4.50589728
Phel_clc_contig_2747,5.952594495,6.454562513,5.787045827,8.205626615,7.199273831,7.632673916
Phel_clc_contig_1761,3.749351908,4.353937223,2.840161067,8.654628869,7.021861671,7.858125879
Phel_clc_contig_2802,4.499571669,5.976934093,5.42274095,9.978579052,8.484236838,9.217574624
Phel_clc_contig_1654,5.874189569,6.663633528,6.384706056,10.98202542,9.426861211,9.942997962
Phel_clc_contig_365,5.647835421,5.709276848,5.818886342,8.354290381,7.113293142,7.559055818
Phel_clc_contig_3127,5.703311151,3.619741659,3.863373549,9.114979905,7.719238211,8.271607757
Phel_clc_contig_255,9.297631643,9.109082609,9.67370128,13.52278229,12.38774404,12.89311124
Phel_clc_contig_1808,4.273881366,6.34525975,6.341516155,11.81438375,10.70713391,10.95523614
Phel_clc_contig_20,7.059022083,9.026099009,9.417100388,15.35041264,14.18906262,14.43602256
Phel_clc_contig_12741,2.481867227,3.344785897,3.069238148,5.739699614,4.649063566,5.026485819
Phel_clc_contig_5641,4.76590598,5.819159779,4.812939694,9.152388033,7.984364339,8.343529966
Phel_clc_contig_315,4.063865296,6.011016987,4.189895704,9.838717348,8.578164717,8.779232794
Phel_clc_contig_2323,3.946150672,5.376033332,4.455984709,8.02380757,7.083454861,7.239039004
Phel_clc_contig_7024,6.384600731,6.875794804,6.673006546,8.535099209,7.866669404,8.020519425
Phel_clc_contig_9195,4.730737762,4.976844759,4.60951859,6.980257274,6.249925022,6.39113874
Phel_clc_contig_4099,6.594778431,6.949412369,6.883373993,10.21615884,8.48993464,9.56839357
Phel_clc_contig_9982,4.898580831,4.698751888,4.748268002,6.417477872,5.534391601,6.090324176
Phel_clc_contig_2232,6.752125037,7.442157262,7.639417409,9.371248685,8.346565146,8.739795796
Phel_clc_contig_4379,6.055659873,6.538747662,6.821850499,7.97453218,7.280417243,7.675106686
Phel_clc_contig_1064,10.0593016,10.52866752,10.43799607,11.81321647,11.20743651,11.45777603
Phel_clc_contig_1171,3.521402571,5.517108734,4.455984709,7.224623974,6.378350351,6.87650344
Phel_clc_contig_16258,5.104919492,5.878828317,5.292726543,7.196248017,6.496272189,6.924194922
Phel_clc_contig_4308,6.633374536,7.411649955,6.852940178,8.745557694,7.785600245,8.243684788
Phel_clc_contig_9012,4.17268752,5.601553904,4.748268002,7.306550254,6.302675476,6.852053786
Phel_clc_contig_9771,6.125016642,7.07689895,5.542001066,8.885423974,7.709504322,8.4854067
Phel_clc_contig_2659,5.158829799,6.491245433,5.42274095,7.97453218,7.344715782,7.432846692
Phel_clc_contig_2392,6.083804795,8.019476198,7.119017876,9.615822535,9.033155913,8.98438086
Phel_clc_contig_9671,5.488537503,6.466894623,5.968330413,7.97453218,7.418272607,7.481478169
Phel_clc_contig_5986,6.266790288,6.852487063,6.296991436,8.08699442,7.406270494,7.574082581
Phel_clc_contig_8757,3.883493744,5.108603907,4.189895704,6.685884099,5.850081797,6.131538041
Phel_clc_contig_8374,4.866537121,6.425373699,5.380691358,8.162275002,7.344715782,7.449240281
Phel_clc_contig_4101,4.657720026,4.733191621,2.56774013,6.726136399,5.620023298,6.285546481
Phel_clc_contig_4594,4.694690792,3.271694588,3.266861484,6.557913959,5.534391601,6.131538041
Phel_clc_contig_4430,7.287955194,6.728232097,7.621474626,9.196033788,8.262515844,8.334733176
Phel_clc_contig_63,11.25550032,11.10457556,11.68916228,13.18246816,12.29315126,12.43351667
Phel_clc_contig_119,10.98031569,10.98060559,11.14344859,12.09455823,11.89347086,12.16919498
Phel_clc_contig_2021,5.509436159,5.098074205,6.447159286,8.315241058,8.008382119,8.343529966
Phel_clc_contig_10332,6.24202699,6.055243385,6.154532579,7.196248017,6.907308917,7.220057102
Phel_clc_contig_8695,7.668521961,7.388068102,7.449077644,8.705850762,8.425986674,8.753061605
Phel_clc_contig_5769,6.933185476,6.815999312,6.837479084,8.219792908,7.87540165,8.166468917
Phel_clc_contig_13542,1.568275372,1.758729568,1.158466295,3.960242941,3.781747877,3.889658492
Phel_clc_contig_2658,8.497236315,8.137956856,8.027883886,11.2418207,11.01438438,11.18916185
Phel_clc_contig_2923,8.112847626,8.321175443,8.631318589,11.96073465,11.54643231,11.80927435
Phel_clc_contig_4183,4.006208245,5.195150711,3.595730406,8.07145539,7.565839331,7.953147066
Phel_clc_contig_14016,0,0.32308179,1.158466295,4.766452051,3.781747877,4.50589728
Phel_clc_contig_11189,4.540765048,4.663469868,4.93418622,7.457641895,6.706625863,7.465448862
Phel_clc_contig_6927,6.151850701,6.320556883,6.077655322,8.61230052,7.918289622,8.547632591
Phel_clc_contig_6963,7.008528347,6.889601306,7.156881964,9.04509972,8.359072191,9.15398946
Phel_clc_contig_162,8.443947643,9.50456776,9.065492879,14.32189961,13.59843603,13.76442679
Phel_clc_contig_4915,5.590137892,5.921264934,5.292726543,10.07523953,9.490771271,9.648664066
Phel_clc_contig_15186,3.346588193,4.456438202,3.440646623,7.481353842,6.837520713,7.141530886
Phel_clc_contig_6374,3.946150672,4.234003066,3.266861484,6.644476415,6.079011097,6.321608863
Phel_clc_contig_847,7.85562412,8.74271128,8.182736984,11.17432152,10.74574625,10.88767834
Phel_clc_contig_223,9.770980805,9.796226384,9.104769089,11.34559098,10.89599735,11.20372857
Phel_clc_contig_4273,4.119306371,4.185081569,3.735749611,5.658825569,5.129695157,5.536512997
Phel_clc_contig_903,8.615220953,8.91573331,7.823330296,11.08428143,10.28215887,10.68803669
Phel_clc_contig_1930,10.10636363,10.22645506,10.58295805,11.43482507,11.14470865,11.33963843
Phel_clc_contig_229,9.727043853,9.561975615,10.13699918,12.06739809,11.53683127,11.79250803
Phel_clc_contig_1944,8.182825856,8.24624988,8.64025723,9.758505895,9.369291764,9.483392377
Phel_clc_contig_892,9.513459163,9.924706969,10.16204094,11.48553787,11.04276552,11.19646363
Phel_clc_contig_175,8.360132032,9.273717519,9.419698363,10.79835904,10.5331838,10.67937708
Phel_clc_contig_3148,9.065071678,9.373156399,9.382893737,10.20552069,10.00815,10.08614525
Phel_clc_contig_396,7.358768985,8.143729113,8.322568149,10.29186425,9.955587433,10.0543494
Phel_clc_contig_5604,5.703311151,6.11392132,6.179274165,7.796949404,7.381962505,7.574082581
Phel_clc_contig_8476,5.509436159,6.389115899,6.274203878,8.102367863,7.699703617,7.998409905
Phel_clc_contig_331,11.30303655,12.21588059,12.75292419,14.04543723,13.73229808,13.69760022
Phel_clc_contig_5780,9.535279071,9.750304349,9.865036651,10.72824613,10.62666345,10.50608389
Phel_clc_contig_11551,6.361796427,7.477121155,5.939654432,8.489055565,7.88408197,8.316977478
Phel_clc_contig_2646,5.967777289,6.796589967,5.996447502,7.97453218,7.659821831,7.894495849
Phel_clc_contig_8419,4.730737762,5.427415097,4.748268002,6.765297372,6.402718767,6.695952068
Phel_clc_contig_7468,5.906065619,6.90024855,6.319424652,8.007568912,7.766949564,7.833358814
Phel_clc_contig_886,5.890215629,7.025025471,6.564498591,8.176870761,7.689835877,8.053061363
Phel_clc_contig_1546,4.960604378,4.528802582,3.595730406,6.465825944,6.302675476,6.171609166
Phel_clc_contig_4016,7.207102197,6.538747662,5.818886342,8.675336435,8.269158011,8.156519486
Phel_clc_contig_1784,10.76690386,10.51190462,11.70681953,13.30545993,12.98968372,12.4473543
Phel_clc_contig_1027,10.99521045,10.54959236,11.25312235,12.91066825,12.46064349,12.22440979
Phel_clc_contig_4867,8.491994954,8.30409482,8.635794651,9.647607725,9.453349249,9.198306782
Phel_clc_contig_2167,9.394909796,9.332740376,9.878319342,10.73319247,10.55373133,10.41929502
Phel_clc_contig_2604,8.510256218,8.336936738,9.435188935,11.08040491,10.46683835,10.48039166
Phel_clc_contig_6209,5.37923279,5.456563052,6.051091454,7.481353842,7.083454861,6.947462781
Phel_clc_contig_717,11.54967225,11.7678054,12.52458799,13.95173693,13.53715511,13.39158514
Phel_clc_contig_919,10.32402907,10.74356579,11.50570231,12.842497,12.40556362,12.29299784
Phel_clc_contig_3355,6.893984639,6.647474256,7.241548489,8.512260867,7.935094313,8.136412893
Phel_clc_contig_3001,9.336163977,8.754914552,9.225499562,10.30188677,9.982108013,9.988574918
Phel_clc_contig_264,10.56769755,10.1247373,10.77476096,12.00127863,11.52993399,11.52891239
Phel_clc_contig_6828,7.24498217,6.697167751,7.354483016,8.633620108,8.228838888,8.243684788
Phel_clc_contig_1521,9.67480471,10.24387707,9.990915163,11.59011211,11.27251729,11.22768411
Phel_clc_contig_43,9.33762547,11.00044619,10.95033332,13.23876756,12.77050107,12.68824423
Phel_clc_contig_1512,8.316324076,9.738273852,8.751680623,11.95545329,11.39220278,11.20372857
Phel_clc_contig_224,5.756732437,6.513211212,6.154532579,8.69575063,8.235637559,8.063747218
Phel_clc_contig_6916,5.841595796,6.758642968,6.103738908,8.176870761,7.776304714,7.646956814
Phel_clc_contig_1199,10.23035542,10.85047379,10.85181196,12.21789795,11.87181408,11.67022262
Phel_clc_contig_6046,5.570383994,6.528979129,6.60158213,8.205626615,7.748053942,7.603676041
Phel_clc_contig_7478,6.65229288,7.4275098,7.253248069,9.174375956,8.696229651,8.453257051
Phel_clc_contig_1398,9.70002471,9.702220486,10.05915569,12.86351423,12.25057254,12.18885291
Phel_clc_contig_2063,9.077371996,7.312643394,8.631318589,13.12341149,12.44716094,12.4565062
Phel_clc_contig_4057,5.185049844,5.160141691,5.42274095,8.404764356,7.909813898,7.808159773
Phel_clc_contig_505,6.604525061,7.42329747,6.913179043,10.74548458,10.02982417,9.880906032
Phel_clc_contig_3706,9.882330483,9.787035213,9.660582125,11.17795403,10.84133114,10.67763896
Phel_clc_contig_4592,7.516790513,7.580987364,7.040170245,9.037121907,8.615131182,8.53999975
Phel_clc_contig_171,6.680211818,6.209973812,5.380691358,13.84639884,13.44428318,12.79711559
Phel_clc_contig_1970,3.946150672,5.124261955,4.991190754,8.275105317,7.88408197,7.294529774
Phel_clc_contig_2728,5.445802835,6.076858343,5.57965988,9.245338782,8.796190524,8.176349703
Phel_clc_contig_6928,7.311948076,7.228234762,7.343579265,9.04509972,8.863575192,8.403648629
Phel_clc_contig_14520,4.368433124,5.005305662,4.748268002,7.137763759,6.801317768,6.489528485
Phel_clc_contig_8698,4.730737762,5.786737488,4.68056066,7.923514088,7.639459376,7.239039004
Phel_clc_contig_4454,7.194251576,7.075557232,7.354483016,9.492891063,9.233242178,9.082225699
Phel_clc_contig_9346,5.236102234,5.229334121,5.787045827,8.07145539,7.813132795,7.559055818
Phel_clc_contig_7751,5.890215629,5.670704397,6.024027068,7.97453218,7.639459376,7.574082581
Phel_clc_contig_755,5.048911855,5.149978745,4.189895704,8.954821537,8.635837086,8.369602581
Phel_clc_contig_817,10.45706604,10.60724403,10.95928961,12.58851405,12.34201048,12.02011014
Phel_clc_contig_840,9.175445758,9.350319109,10.08229716,12.98460482,12.7433281,12.2861698
Phel_clc_contig_9460,5.685054306,5.753567099,5.818886342,7.550238098,7.394167694,7.079697039
Phel_clc_contig_12963,2.301880253,3.070921653,1.158466295,5.57314727,5.577842694,3.153513526
Phel_clc_contig_18315,0,0.170566057,0,3.960242941,4.05205935,0
Phel_clc_contig_13204,0,0.170566057,1.792605513,5.958230212,5.885093549,2.791543215
Phel_clc_contig_2677,8.908655314,8.560530785,9.435188935,11.44239559,11.41259504,9.564636532
Phel_clc_contig_12958,3.436641592,4.590212761,3.735749611,7.137763759,7.156923413,5.339536494
Phel_clc_contig_2921,3.036837374,3.648891056,4.089048934,7.196248017,7.293508434,5.339536494
Phel_clc_contig_4685,1.568275372,1.395720913,1.158466295,5.889001328,5.952671367,3.683393288
Phel_clc_contig_23628,1.568275372,0.809743695,0,3.661304959,3.781747877,2.307166193
Phel_clc_contig_5567,6.901910724,6.806327925,6.545591589,8.535099209,8.706053558,7.365345223
Phel_clc_contig_1128,5.952594495,7.316055209,7.205869474,11.08621559,11.22974166,10.17753266
Phel_clc_contig_13848,3.346588193,4.582676423,4.089048934,6.946581156,6.973877566,6.131538041
Phel_clc_contig_1891,7.714248953,8.679655675,8.311419556,10.72576671,10.76936447,9.787294182
Phel_clc_contig_2345,6.429157308,7.368482889,7.156881964,9.56123925,9.581622217,8.621821116
Phel_clc_contig_4121,6.837250733,7.195263924,6.98510532,8.275105317,8.288902516,7.559055818
Phel_clc_contig_7077,4.368433124,6.082210794,5.199044096,8.633620108,8.671372639,7.432846692
Phel_clc_contig_10765,0,0.809743695,1.792605513,5.958230212,6.108940478,4.50589728
Phel_clc_contig_6713,0,2.091665988,4.189895704,7.409014938,7.699703617,6.131538041
Phel_clc_contig_20276,1.568275372,3.431235158,2.56774013,5.280562933,5.443354688,3.683393288
Phel_clc_contig_5301,5.509436159,6.167791442,5.754486698,7.433532865,7.522020429,6.457471173
Phel_clc_contig_3815,4.368433124,5.942026487,5.098857447,7.358691635,7.406270494,6.248557606
Phel_clc_contig_11063,3.521402571,4.060427901,2.840161067,6.024288647,5.850081797,4.93632699
Phel_clc_contig_13562,0.72700555,2.705071096,0,5.168172666,5.007904114,3.683393288
Phel_clc_contig_15329,0.72700555,2.174182678,1.158466295,4.418945512,4.279627294,3.153513526
Phel_clc_contig_6826,5.048911855,5.915279475,5.503332832,8.102367863,7.951705513,6.947462781
Phel_clc_contig_2317,8.798335707,8.917231831,8.730910606,10.74793037,10.61758335,9.694078724
Phel_clc_contig_3490,4.499571669,7.156455271,6.806050755,9.99514557,9.769019754,8.378189495
Phel_clc_contig_4300,1.208080202,4.243592923,3.735749611,6.367454941,6.222808424,5.267408452
Phel_clc_contig_2842,4.694690792,5.318222828,5.652150879,9.879442955,9.532777664,8.215211179
Phel_clc_contig_1442,6.534877122,5.590326555,5.652150879,11.46635758,11.13928044,9.994172098
Phel_clc_contig_194,9.050884468,8.935094018,8.808293978,12.65061541,12.32617269,11.33853879
Phel_clc_contig_5770,8.405438909,8.308098257,8.200975089,9.865995035,9.621099839,9.02322402
Phel_clc_contig_2739,3.521402571,3.959325039,1.158466295,9.815585035,9.356873603,8.343529966
Phel_clc_contig_6787,1.856268645,2.091665988,1.792605513,6.2618843,5.850081797,4.840150994
Phel_clc_contig_8026,6.279014345,6.360761068,6.426640478,9.060923935,8.841461508,7.998409905
Phel_clc_contig_2346,6.680211818,6.850919409,7.181583634,8.803141451,8.449569628,7.833358814
Phel_clc_contig_7133,7.226166504,6.912321725,7.428586296,9.037121907,8.754195377,8.146501471
Phel_clc_contig_13487,0,1.325213695,0,4.603133742,4.170325694,2.307166193
Phel_clc_contig_17009,0,0.170566057,0,4.766452051,4.279627294,2.307166193
Phel_clc_contig_3793,5.666563462,6.281531348,5.380691358,8.64416273,8.333949173,6.900546844
Phel_clc_contig_9841,1.568275372,0.586788758,0,5.168172666,4.803459544,2.307166193
Phel_clc_contig_1456,7.100937712,7.094224456,7.205869474,10.58511878,10.27557654,8.830192882
Phel_clc_contig_3209,3.817981329,1.958248775,2.231616727,10.69313896,10.4464714,8.445106745
Phel_clc_contig_8574,0,1.811265504,1.792605513,5.482054453,5.295032364,3.153513526
Phel_clc_contig_5521,3.946150672,5.723050635,3.980619444,7.815723994,7.659821831,6.004182256
Phel_clc_contig_4060,7.370240146,8.151389536,7.053614237,9.678707875,9.353752233,8.25305278
Phel_clc_contig_7276,4.063865296,4.999657319,3.440646623,7.013164087,6.706625863,5.408226126
Phel_clc_contig_8751,4.119306371,2.396762313,3.980619444,6.087456476,6.138261559,5.111344363
Phel_clc_contig_14362,3.036837374,3.786439539,2.231616727,5.280562933,5.985309151,4.374733478
Phel_clc_contig_1756,2.481867227,5.103350761,3.863373549,6.465825944,7.344715782,5.408226126
Phel_clc_contig_19144,2.301880253,2.174182678,1.158466295,4.207752323,5.129695157,3.683393288
Phel_clc_contig_2142,7.398526523,8.418030521,7.479279073,10.75280988,11.73636599,10.38774832
Phel_clc_contig_3948,5.739143321,6.440041924,6.129359272,7.306550254,7.909813898,7.015094976
Phel_clc_contig_1813,7.958006273,10.47295103,10.09860233,12.69121488,13.18145804,11.49477005
Phel_clc_contig_2182,5.841595796,6.209973812,6.405825623,7.739112935,8.093177734,7.294529774
Phel_clc_contig_14147,0,3.290321182,2.231616727,5.57314727,5.952671367,4.93632699
Phel_clc_contig_4693,4.866537121,6.022201339,5.463599571,8.477311427,8.932143871,7.858125879
Phel_clc_contig_11649,0,0.170566057,0,4.603133742,5.241996492,3.889658492
Phel_clc_contig_4230,0,2.361964822,1.158466295,5.57314727,6.328344618,4.840150994
Phel_clc_contig_8219,6.229486023,4.627309164,6.60158213,9.68892743,10.30172756,8.685477672
Phel_clc_contig_7676,6.315075274,6.402016071,6.673006546,7.527639642,7.992414963,7.239039004
Phel_clc_contig_6415,2.481867227,2.786031719,2.56774013,6.601845057,7.156923413,3.153513526
Phel_clc_contig_9078,0,0.586788758,0,5.57314727,6.048447639,0
Phel_clc_contig_12557,4.224171507,3.959325039,3.266861484,5.482054453,5.620023298,5.191483692
Phel_clc_contig_2003,6.514343225,6.060676479,5.910396889,7.699226096,7.935094313,7.382519414
Phel_clc_contig_3549,8.388614911,8.204516859,8.120221804,9.408830298,9.381604162,9.044959337
Phel_clc_contig_7219,7.364515529,6.596007823,6.707435061,8.69575063,8.56742642,8.243684788
Phel_clc_contig_1076,10.34888459,9.954021053,10.408217,11.19239294,11.30358453,10.96809198
Phel_clc_contig_2830,9.163957049,8.786004265,9.440315648,10.11746662,10.31943549,9.957396066
Phel_clc_contig_2018,7.659200318,7.4275098,7.884792042,9.004762885,9.184883771,8.733116697
Phel_clc_contig_3568,8.173034463,7.935452676,8.653561662,9.647607725,9.850999395,9.363100535
Phel_clc_contig_1317,7.154996284,6.955259325,7.791588144,10.2126215,10.28543875,9.553306739
Phel_clc_contig_6240,8.126441202,8.055304672,8.38239188,9.647607725,9.761973009,9.227112898
Phel_clc_contig_277,7.700682459,7.642980208,8.126596589,9.286299463,9.464967368,8.842656451
Phel_clc_contig_2339,7.714248953,7.925807205,8.328110304,9.408830298,9.369291764,9.05034252
Phel_clc_contig_451,11.0532977,11.05242778,11.85478526,13.29838552,13.31804681,12.74287569
Phel_clc_contig_2569,5.952594495,6.019412813,6.507020768,8.367075279,8.314815235,7.82081463
Phel_clc_contig_4297,6.151850701,5.815951935,6.274203878,7.699226096,7.608367202,7.161567272
Phel_clc_contig_1117,10.709355,10.39281702,10.622962,12.31594226,12.33450925,12.06932815
Phel_clc_contig_7409,3.677293993,3.982409536,4.534796213,8.429354013,8.495610028,8.224764798
Phel_clc_contig_263,7.073129348,6.915324895,7.332592478,8.579718704,8.646079472,8.325882867
Phel_clc_contig_6044,6.993771715,7.666336928,8.158055223,10.41085898,10.4198555,10.09658998
Phel_clc_contig_18679,0,0.586788758,0,2.77106155,3.015319148,2.307166193
Phel_clc_contig_4645,6.925429821,7.42329747,7.131749976,10.33154266,10.51093898,9.999747647
Phel_clc_contig_8599,4.694690792,5.489170397,4.189895704,7.888471729,8.047544387,7.559055818
Phel_clc_contig_2080,7.24498217,7.336360163,7.343579265,10.06742737,10.07979569,9.583324262
Phel_clc_contig_8438,1.856268645,2.004105833,1.158466295,7.796949404,7.822194136,7.058483184
Phel_clc_contig_7407,5.982799682,6.236624636,6.179274165,7.196248017,7.240415467,6.900546844
Phel_clc_contig_3298,7.381620816,7.503298641,8.087918385,9.021033258,8.96524375,8.428666268
Phel_clc_contig_619,8.486734884,8.943575024,9.838098821,10.92480545,11.09790564,10.28418316
Phel_clc_contig_8354,4.657720026,4.863269464,5.616360638,7.107608368,7.280417243,6.356793511
Phel_clc_contig_3927,3.346588193,4.380251518,4.748268002,6.557913959,6.328344618,5.709800673
Phel_clc_contig_7888,7.375942137,8.271660043,8.42439307,9.673570734,9.467857388,8.915258259
Phel_clc_contig_1312,7.899829385,7.793354901,8.260156008,9.114979905,9.029248571,9.006704763
Phel_clc_contig_6632,7.587295975,7.370672588,7.965242307,8.803141451,8.80078215,8.706087412
Phel_clc_contig_122,11.70042849,11.73525523,12.46389312,14.06910324,13.95564077,13.69974273
Phel_clc_contig_2925,8.424821758,8.284489148,8.604166605,9.427260248,9.396847921,9.222351764
Phel_clc_contig_6711,8.166469921,7.999808943,8.398285804,9.114979905,9.08677899,8.897447375
Phel_clc_contig_345,10.94095015,11.26815674,12.50331248,13.41263174,13.45906384,13.30275493
Phel_clc_contig_5539,8.5334006,8.639366397,9.725016833,10.5768879,10.43617902,10.41721328
Phel_clc_contig_2597,9.464795877,9.575799778,10.25807485,10.86296716,11.17066013,11.09462892
Phel_clc_contig_3790,6.948572816,6.511227654,7.332592478,8.039865482,8.327599348,8.316977478
Phel_clc_contig_1529,8.858627886,9.77199944,10.38447511,13.0310348,13.04926378,13.13587506
Phel_clc_contig_2355,4.540765048,5.493195781,6.757584689,9.463428531,9.664572793,9.598102202
Phel_clc_contig_522,8.892834514,8.98738994,9.195493032,10.0317391,10.17836047,10.15522277
Phel_clc_contig_1544,10.95053446,9.874679103,11.17377625,12.81301598,12.85405674,12.8007133
Phel_clc_contig_829,6.429157308,6.119140338,6.384706056,7.409014938,7.406270494,7.399490708
Phel_clc_contig_3559,10.17583295,10.27722718,10.42899773,11.38068919,11.73876079,11.52020983
Phel_clc_contig_3866,6.24202699,5.976934093,6.296991436,7.658204341,8.024175043,7.769516548
Phel_clc_contig_813,7.24498217,7.203884356,8.027883886,9.167083904,9.581622217,9.11855388
Phel_clc_contig_958,8.641495092,8.99059641,9.768467873,11.04504018,11.29058504,11.0616894
Phel_clc_contig_14596,1.856268645,2.361964822,0,3.960242941,4.565188923,3.889658492
Phel_clc_contig_16634,3.346588193,3.559601938,2.56774013,5.046285869,5.661005604,5.026485819
Phel_clc_contig_2347,7.293990236,7.443197189,7.026599794,8.579718704,8.927952438,8.428666268
Phel_clc_contig_17377,1.856268645,2.982053521,1.792605513,4.418945512,4.874875638,4.50589728
Phel_clc_contig_787,10.95101211,11.37370829,10.82168,11.96073465,12.23538934,11.92074619
Phel_clc_contig_6638,7.251200235,7.964007522,7.332592478,8.465470494,8.91953316,8.685477672
Phel_clc_contig_2775,5.132128501,6.955259325,6.22751968,7.834258027,7.968127049,7.870351156
Phel_clc_contig_367,4.368433124,5.536739882,4.874836303,6.726136399,6.76418424,6.611073501
Phel_clc_contig_3683,6.661658403,7.360794422,7.119017876,8.191320332,8.122817644,7.9759557
Phel_clc_contig_5862,5.808246026,7.194027937,6.741061087,8.477311427,8.651173705,8.343529966
Phel_clc_contig_6852,3.817981329,4.906159445,4.812939694,6.147972123,6.402718767,6.004182256
Phel_clc_contig_5652,3.346588193,3.850589423,1.792605513,5.658825569,5.739632114,4.840150994
Phel_clc_contig_1945,5.401766976,6.632955949,5.380691358,8.02380757,8.108073806,7.481478169
Phel_clc_contig_8954,4.866537121,5.743466497,4.189895704,7.137763759,7.267206173,6.639925266
Phel_clc_contig_6506,7.527075811,8.418559768,7.156881964,9.408830298,9.631447195,8.867265147
Phel_clc_contig_8593,4.273881366,5.796540651,4.874836303,6.946581156,7.021861671,6.285546481
Phel_clc_contig_10295,6.81223636,6.027760061,7.657139777,8.02380757,8.572805559,9.097907026
Phel_clc_contig_4124,8.598248693,8.601186536,9.107994326,9.738966227,9.984128039,10.37707754
Phel_clc_contig_6564,5.401766976,5.597820161,6.467390352,6.876777222,7.30648099,7.497331335
Phel_clc_contig_13573,1.856268645,2.091665988,1.158466295,2.77106155,4.170325694,4.374733478
Phel_clc_contig_7479,7.606823432,7.713672448,7.75090324,8.500704872,9.033155913,9.198306782
Phel_clc_contig_1077,9.261125988,9.847231681,9.536809806,10.98824535,11.34346906,11.29385256
Phel_clc_contig_671,4.76590598,6.625641637,5.850039278,7.59439851,8.039796956,7.941606377
Phel_clc_contig_5382,4.540765048,5.590326555,5.57965988,6.367454941,7.226831212,7.058483184
Phel_clc_contig_5845,5.791280123,6.515192046,6.405825623,7.137763759,7.738512506,7.465448862
Phel_clc_contig_18668,2.916801453,3.214342437,2.56774013,4.207752323,5.241996492,4.50589728
Phel_clc_contig_3910,8.277251129,8.716270053,8.021056584,10.43534606,12.16501494,11.11146474
Phel_clc_contig_24521,1.208080202,0.586788758,0,2.77106155,4.05205935,3.442651611
Phel_clc_contig_3205,9.862160151,9.236088598,9.649557441,10.80776779,11.6993438,11.09983012
Phel_clc_contig_2987,10.89602294,8.847422281,9.432618522,11.36165066,12.56924929,11.96274468
Phel_clc_contig_12930,6.395869975,5.620076099,6.341516155,6.803422087,8.159030697,7.646956814
Phel_clc_contig_7815,8.523160062,8.129578739,7.75090324,8.755315906,10.78798457,10.0163463
Phel_clc_contig_4784,8.179569768,7.436943021,8.311419556,8.911840756,9.490771271,9.15398946
Phel_clc_contig_5083,7.700682459,7.295460392,8.04144232,8.367075279,9.090533784,9.044959337
Phel_clc_contig_18398,3.521402571,3.559601938,3.440646623,4.418945512,4.803459544,6.668209914
Phel_clc_contig_2459,6.472378915,5.91227621,6.913179043,9.704122037,8.932143871,11.38188233
Phel_clc_contig_4490,6.361796427,7.030574448,6.129359272,8.11757973,7.113293142,10.00807085
Phel_clc_contig_5957,7.74100579,7.756158651,7.040170245,9.65804917,7.240415467,10.86952151
Phel_clc_contig_1788,10.19208392,9.937132198,9.572269343,10.98202542,10.75642239,11.12937859
Phel_clc_contig_107,11.19469691,11.34023684,8.408785301,13.65832568,12.97503103,13.78212749
Phel_clc_contig_6385,4.730737762,4.497088583,3.863373549,6.087456476,5.534391601,6.285546481
Phel_clc_contig_1669,7.347204997,6.775263927,8.01419682,9.439417439,9.5762761,10.06768295
Phel_clc_contig_401,9.686323156,9.272839934,9.786696491,10.77216403,10.74931369,11.19888938
Phel_clc_contig_2231,8.912583405,8.611868029,9.201544425,10.0791298,10.01211511,10.3090967
Phel_clc_contig_4415,7.370240146,7.266360227,7.742626744,8.477311427,8.389873077,8.678542043
Phel_clc_contig_6936,5.739143321,6.515192046,6.6377363,7.527639642,7.544096623,7.953147066
Phel_clc_contig_13686,5.309441792,5.456563052,4.189895704,7.332856491,7.544096623,7.632673916
Phel_clc_contig_4103,6.429157308,6.532895106,6.507020768,7.815723994,7.804013535,8.084884904
Phel_clc_contig_7020,2.301880253,3.049212535,1.158466295,5.739699614,5.739632114,6.047896052
Phel_clc_contig_907,5.570383994,6.563839954,5.542001066,8.78420099,9.071660518,9.332497376
Phel_clc_contig_12110,4.499571669,4.712628794,5.199044096,7.25245256,5.739632114,7.465448862
Phel_clc_contig_2495,6.482985384,7.806352416,6.942380786,9.245338782,8.235637559,9.777590179
Phel_clc_contig_2254,8.230811119,6.192754403,7.343579265,10.33154266,9.152917562,11.16082473
Phel_clc_contig_6286,2.641869674,1.00273852,3.595730406,5.658825569,4.476135384,6.356793511
Phel_clc_contig_5132,3.749351908,4.464661733,3.863373549,5.57314727,5.443354688,6.457471173
Phel_clc_contig_4737,6.503967219,6.304615079,6.837479084,7.758650962,7.293508434,7.987226487
Phel_clc_contig_9469,3.946150672,4.83183165,5.199044096,6.465825944,5.814196628,6.639925266
Phel_clc_contig_9844,3.250552348,4.234003066,4.189895704,5.958230212,5.295032364,6.090324176
Phel_clc_contig_998,9.733720392,9.911234227,10.66736271,11.56258784,11.0242342,11.55470947
